site,third_party_domain,script,category
https://www.baume-et-mercier.com,bizographics.com,https://sjs.bizographics.com/insight.min.js,ADVERTISER
https://www.americasbest.com,adroll.com,https://s.adroll.com/j/roundtrip.js,ADVERTISER
https://www.sofinaip-hadaid.com,impact-ad.jp,https://img.ak.impact-ad.jp/ut/a1/tracking.min.js,ADVERTISER
https://www.sofinaip-hadaid.com,impact-ad.jp,https://img.ak.impact-ad.jp/ut/e1740eacc6de5387_27.js,ADVERTISER
https://www.decortecosmetics.com,fwcdn2.com,https://asset.fwcdn2.com/js/fwn.js,ADVERTISER
https://www.decortecosmetics.com,fwcdn2.com,https://asset.fwcdn2.com/js/4034-353b103e437e979a4c0d.js,ADVERTISER
https://www.decortecosmetics.com,fwcdn2.com,https://asset.fwcdn2.com/js/414-353b103e437e979a4c0d.js,ADVERTISER
https://www.gunnar.com,ads-twitter.com,https://static.ads-twitter.com/uwt.js,ADVERTISER
https://www.target.com,indexww.com,https://js-sec.indexww.com/ht/p/189336-210459012582455.js,ADVERTISER
https://www.target.com,doubleclick.net,https://securepubads.g.doubleclick.net/tag/js/gpt.js,ADVERTISER
https://www.target.com,doubleclick.net,https://securepubads.g.doubleclick.net/gpt/pubads_impl_2023021301.js?cb=31072411,ADVERTISER
https://www.sallyhansen.com,adform.net,https://a1.adform.net/serving/scripts/trackpoint/,ADVERTISER
https://www.transitions.com,rfihub.net,https://c1.rfihub.net/js/tc.min.js,ADVERTISER
https://www.transitions.com,ipredictive.com,https://media-cdn.ipredictive.com/js/cirt_v2.min.js,ADVERTISER
https://www.transitions.com,googleadservices.com,https://www.googleadservices.com/pagead/conversion.js,ADVERTISER
https://www.eyeglassworld.com,adroll.com,https://s.adroll.com/j/roundtrip.js,ADVERTISER
https://www.madison-reed.com,adroll.com,https://s.adroll.com/j/roundtrip.js,ADVERTISER
https://www.madison-reed.com,kargo.com,https://pixel.prod.pegasus.kargo.com/3319ca81/pixel-payload.js,ADVERTISER
https://www.baume-et-mercier.com,go-mpulse.net,https://s.go-mpulse.net/boomerang/SBP8C-C495T-FZ42S-SJMK3-EL8BC,TRACKER
https://www.baume-et-mercier.com,googletagmanager.com,https://www.googletagmanager.com/gtm.js?id=GTM-T9K9N5S,TRACKER
https://www.baume-et-mercier.com,abtasty.com,https://try.abtasty.com/4625ac58fd4431071731aae0eb413efe.js,TRACKER
https://www.baume-et-mercier.com,googletagmanager.com,https://www.googletagmanager.com/gtag/js?id=G-DLRXPT13DR&l=dataLayer&cx=c,TRACKER
https://www.baume-et-mercier.com,trustcommander.net,https://cdn.trustcommander.net/privacy/6344/privacy_v2_6.js,TRACKER
https://www.baume-et-mercier.com,google-analytics.com,https://www.google-analytics.com/analytics.js,TRACKER
https://www.baume-et-mercier.com,googletagmanager.com,https://www.googletagmanager.com/gtm.js?id=GTM-ZMNL&l=dataLayer,TRACKER
https://www.baume-et-mercier.com,googletagmanager.com,https://www.googletagmanager.com/gtm.js?id=GTM-P9DZ4QR&l=dataLayer,TRACKER
https://www.baume-et-mercier.com,abtasty.com,https://try.abtasty.com/shared/analytics.e62fe82bb8dce3186252.js,TRACKER
https://www.baume-et-mercier.com,googletagmanager.com,https://www.googletagmanager.com/gtag/destination?id=G-Y7CLGJBK5Z&l=dataLayer&cx=c,TRACKER
https://www.baume-et-mercier.com,licdn.com,https://snap.licdn.com/li.lms-analytics/insight.min.js,TRACKER
https://www.baume-et-mercier.com,facebook.net,https://connect.facebook.net/en_US/fbevents.js,TRACKER
https://www.esteelauder.ca,go-mpulse.net,https://s.go-mpulse.net/boomerang/4PQZ3-PMSNY-DJVGM-JBBQX-RQWGX,TRACKER
https://www.urbandecay.com,googleoptimize.com,https://www.googleoptimize.com/optimize.js?id=GTM-5Z8DH9P,TRACKER
https://www.urbandecay.com,cquotient.com,https://cdn.cquotient.com/js/v2/gretel.min.js,TRACKER
https://www.urbandecay.com,igodigital.com,https://7299503.collect.igodigital.com/collect.js,TRACKER
https://www.fielmann.at,googletagmanager.com,https://www.googletagmanager.com/gtm.js?id=GTM-PRF63D,TRACKER
https://www.elfcosmetics.com,signifyd.com,https://cdn-scripts.signifyd.com/api/script-tag.js,TRACKER
https://www.elfcosmetics.com,googletagmanager.com,https://www.googletagmanager.com/gtm.js?id=GTM-T7MZLHP,TRACKER
https://www.elfcosmetics.com,cquotient.com,https://cdn.cquotient.com/js/v2/gretel.min.js,TRACKER
https://www.elfcosmetics.com,google-analytics.com,https://www.google-analytics.com/analytics.js,TRACKER
https://www.elfcosmetics.com,cnnx.link,https://js.cnnx.link/roi/cnxtag-min.js?id=316282,TRACKER
https://www.elfcosmetics.com,cdn-btsg.com,https://imgs.cdn-btsg.com/fp/tags.js?org_id=w2txo5aa&session_id=aHR0cHM6Ly93d3cuZWxmY29zbWV0aWNzLmNvbS9kYzQ4YjM4NmMyNDJmOTZmMThkYjRlZGQzMg==&pageid=2,TRACKER
https://www.elfcosmetics.com,wknd.ai,https://tag.wknd.ai/4142/i.js,TRACKER
https://www.elfcosmetics.com,pdst.fm,https://cdn.pdst.fm/ping.min.js,TRACKER
https://www.elfcosmetics.com,googletagmanager.com,https://www.googletagmanager.com/gtag/js?id=G-ZLYXLXNDL8&l=dataLayer&cx=c,TRACKER
https://www.elfcosmetics.com,cdn-btsg.com,https://imgs.cdn-btsg.com/fp/check.js;CIS3SID=F814CC31217F95515E9757BC888DB19C?org_id=w2txo5aa&session_id=ahr0chm6ly93d3cuzwxmy29zbwv0awnzlmnvbs9kyzq4yjm4nmmyndjmotzmmthkyjrlzgqzmg&nonce=5a13d2d04edcf1d1&jb=353a2426687b67773544616c757a246a796d3544616c7d7224687162753f4c637a6d6c6d7a2462796a3746697a6f6e6f722d3a383b3032,TRACKER
https://www.bebeautiful.in,googletagmanager.com,https://www.googletagmanager.com/gtag/js?id=DC-11952077,TRACKER
https://www.bebeautiful.in,googletagmanager.com,https://www.googletagmanager.com/gtag/js?id=AW-10869353894,TRACKER
https://www.bebeautiful.in,adobedtm.com,https://assets.adobedtm.com/e6bd1902389a/0b667b5360d5/launch-ab7d6ca826cf.min.js,TRACKER
https://www.bebeautiful.in,facebook.net,https://connect.facebook.net/en_US/fbevents.js,TRACKER
https://www.bebeautiful.in,adobedtm.com,https://assets.adobedtm.com/e6bd1902389a/0b667b5360d5/f1c47b9ff695/EX8dc587b3e6224000b706d4bde7111999-libraryCode_source.min.js,TRACKER
https://www.bebeautiful.in,moengage.com,https://cdn.moengage.com/webpush/moe_webSdk.min.latest.js,TRACKER
https://www.bebeautiful.in,googletagmanager.com,https://www.googletagmanager.com/gtag/js?id=G-K257S23T0D,TRACKER
https://www.bebeautiful.in,go-mpulse.net,https://s.go-mpulse.net/boomerang/2UBTE-D7738-PAB63-93GUM-3N8E5,TRACKER
https://www.bebeautiful.in,facebook.net,https://connect.facebook.net/signals/config/320720750126299?v=2.9.95&r=stable,TRACKER
https://www.bebeautiful.in,googletagmanager.com,https://www.googletagmanager.com/gtag/js?id=UA-121062168-1&l=dataLayer&cx=c,TRACKER
https://www.bebeautiful.in,googletagmanager.com,https://www.googletagmanager.com/gtag/js?id=G-RV308T2TKF&l=dataLayer&cx=c,TRACKER
https://www.bebeautiful.in,google-analytics.com,https://www.google-analytics.com/analytics.js,TRACKER
https://www.bebeautiful.in,googletagmanager.com,https://www.googletagmanager.com/gtag/js?id=UA-57712264-1&l=dataLayer&cx=c,TRACKER
https://www.bebeautiful.in,google-analytics.com,https://www.google-analytics.com/plugins/ua/linkid.js,TRACKER
https://www.bebeautiful.in,moengage.com,https://cdn.moengage.com/webpush/beta/sdk.inapp.cdnHelper.js,TRACKER
https://www.maybelline.ca,googletagmanager.com,https://www.googletagmanager.com/gtm.js?id=GTM-NDDRCBS,TRACKER
https://www.maybelline.ca,googletagmanager.com,https://www.googletagmanager.com/gtm.js?id=GTM-KRLJZWG,TRACKER
https://www.maybelline.ca,bazaarvoice.com,https://analytics-static.ugc.bazaarvoice.com/prod/static/3/bv-analytics.js,TRACKER
https://www.maybelline.ca,google-analytics.com,https://www.google-analytics.com/gtm/optimize.js?id=GTM-WRVH9XW,TRACKER
https://www.maybelline.ca,googletagmanager.com,https://www.googletagmanager.com/gtag/js?id=G-50B660WM08&l=dataLayer&cx=c,TRACKER
https://www.maybelline.ca,sc-static.net,https://sc-static.net/scevent.min.js,TRACKER
https://www.maybelline.ca,facebook.net,https://connect.facebook.net/en_US/fbevents.js,TRACKER
https://www.maybelline.ca,googletagmanager.com,https://www.googletagmanager.com/gtag/js?id=G-E5Q0GLP918&l=dataLayer&cx=c,TRACKER
https://www.maybelline.ca,yieldify.com,https://custom.yieldify.com/v1/506/348/c4d2625fdf/bundle.js,TRACKER
https://www.maybelline.ca,facebook.net,https://connect.facebook.net/signals/config/1649573465150646?v=2.9.95&r=stable,TRACKER
https://www.maybelline.ca,google-analytics.com,https://www.google-analytics.com/analytics.js,TRACKER
https://www.americasbest.com,googleoptimize.com,https://www.googleoptimize.com/optimize.js?id=GTM-K876BST,TRACKER
https://www.americasbest.com,googletagmanager.com,https://www.googletagmanager.com/gtm.js?id=GTM-58BB9B,TRACKER
https://www.americasbest.com,googletagmanager.com,https://www.googletagmanager.com/gtag/destination?id=G-T37KZ2G2LQ&l=dataLayer&cx=c,TRACKER
https://www.americasbest.com,google-analytics.com,https://www.google-analytics.com/analytics.js,TRACKER
https://www.americasbest.com,survicate.com,https://survey.survicate.com/workspaces/907245ad12f1149e295734667724b6b8/web_surveys.js,TRACKER
https://www.americasbest.com,googletagmanager.com,https://www.googletagmanager.com/gtag/js?id=G-T37KZ2G2LQ&l=dataLayer&cx=c,TRACKER
https://www.americasbest.com,bing.com,https://bat.bing.com/bat.js,TRACKER
https://www.americasbest.com,clicktale.net,https://cdnssl.clicktale.net/www03/ptc/98f38fd2-6279-4f5a-88de-e89b3c2171e0.js,TRACKER
https://www.americasbest.com,facebook.net,https://connect.facebook.net/en_US/fbevents.js,TRACKER
https://www.americasbest.com,foresee.com,https://gateway.foresee.com/code/5.10.4-oo/oo_engine.min.js,TRACKER
https://www.americasbest.com,foresee.com,https://gateway.foresee.com/sites/americas-best/production/opinionlab/oo_style.js,TRACKER
https://www.americasbest.com,clicktale.net,https://cdnssl.clicktale.net/ptc/98f38fd2-6279-4f5a-88de-e89b3c2171e0.js,TRACKER
https://www.americasbest.com,facebook.net,https://connect.facebook.net/signals/config/176301692725111?v=2.9.95&r=stable,TRACKER
https://www.americasbest.com,clicktale.net,https://cdnssl.clicktale.net/www/bridge-WR110.js,TRACKER
https://www.americasbest.com,clicktale.net,https://cdnssl.clicktale.net/www/tc/crossdomain.html?cookie=WRUIDCDRESET,TRACKER
https://www.hansanders.nl,googleoptimize.com,https://www.googleoptimize.com/optimize.js?id=GTM-TTZP9ZJ,TRACKER
https://www.hansanders.nl,cquotient.com,https://cdn.cquotient.com/js/v2/gretel.min.js,TRACKER
https://www.hansanders.nl,googletagmanager.com,https://www.googletagmanager.com/gtag/destination?id=G-ELPPDKHPE9&l=dataLayer&cx=c,TRACKER
https://www.hansanders.nl,googletagmanager.com,https://www.googletagmanager.com/gtm.js?id=GTM-5KKFRJ,TRACKER
https://www.hansanders.nl,hotjar.com,https://static.hotjar.com/c/hotjar-175939.js?sv=7,TRACKER
https://www.hansanders.nl,google-analytics.com,https://www.google-analytics.com/analytics.js,TRACKER
https://www.hansanders.nl,usabilla.com,https://w.usabilla.com/8bdd895284e6.js?lv=1,TRACKER
https://www.hansanders.nl,google-analytics.com,https://www.google-analytics.com/plugins/ua/linkid.js,TRACKER
https://www.hansanders.nl,hotjar.com,https://script.hotjar.com/modules.a9cc4200c5b688b3965e.js,TRACKER
https://www.hansanders.nl,hotjar.com,https://vars.hotjar.com/box-e031119f9e9e307a08fa610f85dbfb52.html,TRACKER
https://www.modiface.com,googletagmanager.com,https://www.googletagmanager.com/gtm.js?id=GTM-P2WZ3DG,TRACKER
https://www.modiface.com,google-analytics.com,https://www.google-analytics.com/analytics.js,TRACKER
https://www.modiface.com,google-analytics.com,https://www.google-analytics.com/plugins/ua/linkid.js,TRACKER
https://www.beekman1802.com,googletagmanager.com,https://www.googletagmanager.com/gtag/js?id=DC-12412335,TRACKER
https://www.beekman1802.com,googletagmanager.com,https://www.googletagmanager.com/gtm.js?id=GTM-PGLD8S8,TRACKER
https://www.beekman1802.com,googletagmanager.com,https://www.googletagmanager.com/gtag/js?id=UA-8223427-5,TRACKER
https://www.pttrns.ai,googletagmanager.com,https://www.googletagmanager.com/gtag/js?id=G-L9RLNYCXSJ,TRACKER
https://www.costadelmar.com,forter.com,https://f626da4a75d4.cdn4.forter.com/sn/f626da4a75d4/script.js,TRACKER
https://www.costadelmar.com,uptime.com,https://rum.uptime.com/static/rum/compiled/rum.js,TRACKER
https://www.ray-ban.com,go-mpulse.net,https://s.go-mpulse.net/boomerang/H6PBH-TYDJB-69NYV-EP4BF-4AKAF,TRACKER
https://www.ray-ban.com,forter.com,https://3d44794a84db.cdn4.forter.com/sn/3d44794a84db/script.js,TRACKER
https://www.oakley.com,bounceexchange.com,https://tag.bounceexchange.com/2996/i.js,TRACKER
https://www.oakley.com,dynatrace.com,https://js-cdn.dynatrace.com/jstag/1658b155923/ruxitagent_A2SVfqru_10201200909073022.js,TRACKER
https://www.oakley.com,bounceexchange.com,https://assets.bounceexchange.com/assets/smart-tag/versioned/main_d49b1f1ad74e9367c70aac24d9d56d74.br.js,TRACKER
https://www.luna.io,shopify.com,https://cdn.shopify.com/shopifycloud/boomerang/shopify-boomerang-1.0.0.min.js,TRACKER
https://www.luna.io,googletagmanager.com,https://www.googletagmanager.com/gtm.js?id=GTM-NVN73L3,TRACKER
https://www.luna.io,evidon.com,https://c.evidon.com/sitenotice/evidon-sitenotice-tag.js,TRACKER
https://www.luna.io,googletagmanager.com,https://www.googletagmanager.com/gtag/js?id=G-DZ99Q1MDHE&l=dataLayer&cx=c,TRACKER
https://www.sofinaip-hadaid.com,adobedtm.com,https://assets.adobedtm.com/46f7aa89c5c29a2e0a036bb0dd699ffc023b83b8/satelliteLib-cf35c269e2df9ef06ad960b4e951b4137f475ab3.js,TRACKER
https://www.sofinaip-hadaid.com,adobedtm.com,https://assets.adobedtm.com/b7a762abc961/c2486ec563e7/fb49c58afca0/EX81ff7019eb4c428c8ef942dee282be66-libraryCode_source.min.js,TRACKER
https://www.sofinaip-hadaid.com,googletagmanager.com,https://www.googletagmanager.com/gtag/js?id=UA-134779858-11,TRACKER
https://www.sofinaip-hadaid.com,yahoo.co.jp,https://b92.yahoo.co.jp/js/s_retargeting.js,TRACKER
https://www.sofinaip-hadaid.com,googletagmanager.com,https://www.googletagmanager.com/gtag/js?id=G-FD0TPYWKYD&l=dataLayer&cx=c,TRACKER
https://www.sofinaip-hadaid.com,google-analytics.com,https://www.google-analytics.com/analytics.js,TRACKER
https://www.sofinaip-hadaid.com,googletagmanager.com,https://www.googletagmanager.com/gtm.js?id=GTM-PFWDFH&l=itm_dl1,TRACKER
https://www.sofinaip-hadaid.com,yimg.jp,https://s.yimg.jp/images/listing/tool/cv/ytag.js,TRACKER
https://www.sofinaip-hadaid.com,googletagmanager.com,https://www.googletagmanager.com/gtag/js?id=AW-1006124414,TRACKER
https://www.sofinaip-hadaid.com,im-apps.net,https://dmp.im-apps.net/sdk/log.js,TRACKER
https://www.sofinaip-hadaid.com,im-apps.net,https://dmp.im-apps.net/sdk/im-uid.js,TRACKER
https://www.sofinaip-hadaid.com,yahoo.co.jp,https://b99.yahoo.co.jp/pagead/conversion_async.js,TRACKER
https://www.sofinaip-hadaid.com,im-apps.net,https://cf.im-apps.net/imid/beacon.html,TRACKER
https://www.sofinaip-hadaid.com,googletagmanager.com,https://www.googletagmanager.com/gtag/js?id=AW-926977948,TRACKER
https://www.sofinaip-hadaid.com,im-apps.net,https://cf.im-apps.net/sdk/tdim-1.1.0-orig.min.js,TRACKER
https://www.nyxcosmetics.com,evgnet.com,https://cdn.evgnet.com/beacon/loreal/nyx/scripts/evergage.min.js,TRACKER
https://www.nyxcosmetics.com,cquotient.com,https://cdn.cquotient.com/js/v2/gretel.min.js,TRACKER
https://www.punky.com,googletagmanager.com,https://www.googletagmanager.com/gtag/js?id=AW-702571758,TRACKER
https://www.punky.com,klaviyo.com,https://static-tracking.klaviyo.com/onsite/js/fender_analytics.78381ec829aa8f411002.js?cb=1,TRACKER
https://www.punky.com,facebook.net,https://connect.facebook.net/en_US/fbevents.js,TRACKER
https://www.punky.com,googletagmanager.com,https://www.googletagmanager.com/gtm.js?id=GTM-KC4GTJR,TRACKER
https://www.punky.com,facebook.net,https://connect.facebook.net/signals/config/149323246057939?v=2.9.95&r=stable,TRACKER
https://www.punky.com,googletagmanager.com,https://www.googletagmanager.com/gtag/js?id=G-Y0Z5MRKXKH&l=dataLayer&cx=c,TRACKER
https://www.punky.com,google-analytics.com,https://www.google-analytics.com/analytics.js,TRACKER
https://www.punky.com,klaviyo.com,https://static-tracking.klaviyo.com/onsite/js/vendors~cleave.9d62a1d1c88ed29489d5.js,TRACKER
https://www.thelipbar.com,googleoptimize.com,https://www.googleoptimize.com/optimize.js?id=OPT-KKVLBVD,TRACKER
https://www.thelipbar.com,googletagmanager.com,"https://www.googletagmanager.com/gtag/js?id=G-Z5GGD3K1WQ%22%3E%3C/script%3E%3Cscript%3E%20%20window.dataLayer%20=%20window.dataLayer%20||%20[];%20%20function%20gtag(){dataLayer.push(arguments);}%20%20gtag(%27js%27,%20new%20Date());%20%20gtag(%27config%27,%20%27G-Z5GGD3K1WQ%27);%3C/script%3E%20%20%3Clink%20href=",TRACKER
https://www.thelipbar.com,shopify.com,https://cdn.shopify.com/shopifycloud/boomerang/shopify-boomerang-1.0.0.min.js,TRACKER
https://www.baileynelson.com,googletagmanager.com,https://www.googletagmanager.com/gtm.js?id=GTM-5MXT44B,TRACKER
https://www.baileynelson.com,google-analytics.com,https://www.google-analytics.com/analytics.js,TRACKER
https://www.baileynelson.com,facebook.net,https://connect.facebook.net/en_US/fbevents.js,TRACKER
https://www.baileynelson.com,googletagmanager.com,https://www.googletagmanager.com/gtag/js?id=G-CJ5EFVFKRC,TRACKER
https://www.baileynelson.com,licdn.com,https://snap.licdn.com/li.lms-analytics/insight.min.js,TRACKER
https://www.baileynelson.com,googletagmanager.com,https://www.googletagmanager.com/gtag/js?id=G-CJ5EFVFKRC&l=dataLayer&cx=c,TRACKER
https://www.baileynelson.com,sc-static.net,https://sc-static.net/scevent.min.js,TRACKER
https://www.baileynelson.com,dwin1.com,https://www.dwin1.com/43511.js,TRACKER
https://www.baileynelson.com,bing.com,https://bat.bing.com/bat.js,TRACKER
https://www.baileynelson.com,facebook.net,https://connect.facebook.net/signals/config/369855803692422?v=2.9.95&r=stable,TRACKER
https://www.baileynelson.com,zdassets.com,https://static.zdassets.com/ekr/snippet.js?key=d1f91cdd-f17d-4e02-8e87-76ea21cce6d9,TRACKER
https://www.baileynelson.com,klaviyo.com,https://static-tracking.klaviyo.com/onsite/js/fender_analytics.78381ec829aa8f411002.js?cb=1,TRACKER
https://www.baileynelson.com,rapidzebra.io,https://rapidzebra.io/anywhere/d629fc7d49e3459ab9d423e762f8543c92ab1fed65194e6eaee32b8f477a621a/core.js,TRACKER
https://www.benefitcosmetics.com,episerver.net,https://dl.episerver.net/13.5.2/epi-util/find.js,TRACKER
https://www.benefitcosmetics.com,msecnd.net,https://az416426.vo.msecnd.net/scripts/b/ai.2.min.js,TRACKER
https://www.benefitcosmetics.com,google-analytics.com,https://www.google-analytics.com/analytics.js,TRACKER
https://www.benefitcosmetics.com,googletagmanager.com,https://www.googletagmanager.com/gtm.js?id=GTM-NRTP49K,TRACKER
https://www.benefitcosmetics.com,facebook.net,https://connect.facebook.net/en_US/fbevents.js,TRACKER
https://www.benefitcosmetics.com,googletagmanager.com,https://www.googletagmanager.com/gtag/js?id=G-M0445FFZ3G&l=dataLayer&cx=c,TRACKER
https://www.benefitcosmetics.com,facebook.net,https://connect.facebook.net/signals/config/345078202282728?v=2.9.95&r=stable,TRACKER
https://www.benefitcosmetics.com,cedexis.com,https://radar.cedexis.com/1/23125/radar.js,TRACKER
https://www.glasses.com,forter.com,https://09e403235951.cdn4.forter.com/sn/09e403235951/script.js,TRACKER
https://www.glasses.com,newrelic.com,https://js-agent.newrelic.com/817.215647de-1223.js,TRACKER
https://www.decortecosmetics.com,googletagmanager.com,https://www.googletagmanager.com/gtm.js?id=GTM-W5HRSH3,TRACKER
https://www.decortecosmetics.com,googletagmanager.com,https://www.googletagmanager.com/gtag/js?id=AW-11064110014&l=dataLayer&cx=c,TRACKER
https://www.decortecosmetics.com,pepperjam.com,https://container.pepperjam.com/4250661758.js,TRACKER
https://www.decortecosmetics.com,googletagmanager.com,https://www.googletagmanager.com/gtag/js?id=AW-11064110014,TRACKER
https://www.decortecosmetics.com,shopify.com,https://cdn.shopify.com/shopifycloud/boomerang/shopify-boomerang-1.0.0.min.js,TRACKER
https://www.decortecosmetics.com,bing.com,https://bat.bing.com/bat.js,TRACKER
https://www.decortecosmetics.com,facebook.net,https://connect.facebook.net/en_US/fbevents.js,TRACKER
https://www.decortecosmetics.com,facebook.net,https://connect.facebook.net/signals/config/206290806785881?v=2.9.95&r=stable,TRACKER
https://www.decortecosmetics.com,google-analytics.com,https://www.google-analytics.com/analytics.js,TRACKER
https://www.gunnar.com,googletagmanager.com,https://www.googletagmanager.com/gtm.js?id=GTM-PVB4L5C,TRACKER
https://www.gunnar.com,shopify.com,https://cdn.shopify.com/shopifycloud/consent-tracking-api/v0.1/consent-tracking-api.js,TRACKER
https://www.gunnar.com,klaviyo.com,https://static-tracking.klaviyo.com/onsite/js/fender_analytics.78381ec829aa8f411002.js?cb=1,TRACKER
https://www.gunnar.com,shopify.com,https://cdn.shopify.com/shopifycloud/boomerang/shopify-boomerang-1.0.0.min.js,TRACKER
https://www.gunnar.com,sc-static.net,https://sc-static.net/scevent.min.js,TRACKER
https://www.gunnar.com,redditstatic.com,https://www.redditstatic.com/ads/pixel.js,TRACKER
https://www.gunnar.com,facebook.net,https://connect.facebook.net/en_US/fbevents.js,TRACKER
https://www.gunnar.com,tiktok.com,https://analytics.tiktok.com/i18n/pixel/static/main.MTUwODYwN2I3MQ.js,TRACKER
https://www.gunnar.com,facebook.net,https://connect.facebook.net/signals/config/455129931328034?v=2.9.95&r=stable,TRACKER
https://www.gunnar.com,google-analytics.com,https://www.google-analytics.com/analytics.js,TRACKER
https://www.tartecosmetics.com,googletagmanager.com,https://www.googletagmanager.com/gtm.js?id=GTM-5S5TV3&gtm_auth=6SXoKQAZIa07rekub10sDQ&gtm_preview=env-2&gtm_cookies_win=x,TRACKER
https://www.tartecosmetics.com,googletagmanager.com,https://www.googletagmanager.com/gtm.js?id=GTM-KZQ4HQZ&gtm_auth=j6n1b5HjXq6SfOE7kNcXaA&gtm_preview=env-1&gtm_cookies_win=x,TRACKER
https://www.tartecosmetics.com,igodigital.com,https://526001296.collect.igodigital.com/collect.js,TRACKER
https://www.tartecosmetics.com,cquotient.com,https://cdn.cquotient.com/js/v2/gretel.min.js,TRACKER
https://www.tartecosmetics.com,bounceexchange.com,https://tag.bounceexchange.com/1547/i.js,TRACKER
https://www.eyerim.hr,cookie-script.com,https://cdn.cookie-script.com/s/7cc4b8eb503b8f21a727f54d5036fe68.js,TRACKER
https://www.eyerim.hr,googletagmanager.com,https://www.googletagmanager.com/gtm.js?id=GTM-KWJ3MMN,TRACKER
https://www.eyerim.hr,googletagmanager.com,https://www.googletagmanager.com/gtag/js?id=G-5FMZ9ME8CW&l=dataLayer&cx=c,TRACKER
https://www.eyerim.hr,googletagmanager.com,https://www.googletagmanager.com/gtag/js?id=G-ZV7X5CBH1B&l=dataLayer&cx=c,TRACKER
https://www.eyerim.hr,exponea.com,https://api.exponea.com/js/exponea.min.js,TRACKER
https://www.eyerim.hr,google-analytics.com,https://www.google-analytics.com/analytics.js,TRACKER
https://www.eyerim.hr,google-analytics.com,https://www.google-analytics.com/plugins/ua/linkid.js,TRACKER
https://www.narscosmetics.com,sc-static.net,https://sc-static.net/scevent.min.js,TRACKER
https://www.narscosmetics.com,shoprunner.com,https://content.shoprunner.com/srsec/sra_analytics.min.js,TRACKER
https://www.narscosmetics.com,googletagmanager.com,https://www.googletagmanager.com/gtm.js?id=GTM-KNTXXFV,TRACKER
https://www.narscosmetics.com,cquotient.com,https://cdn.cquotient.com/js/v2/gretel.min.js,TRACKER
https://www.narscosmetics.com,bounceexchange.com,https://tag.bounceexchange.com/2796/i.js,TRACKER
https://www.narscosmetics.com,bounceexchange.com,https://assets.bounceexchange.com/assets/smart-tag/versioned/cjs_min_49801052853ad1235b09865bb69bab38.js,TRACKER
https://www.narscosmetics.com,bazaarvoice.com,https://analytics-static.ugc.bazaarvoice.com/prod/static/latest/bv-analytics.js,TRACKER
https://www.narscosmetics.com,googletagmanager.com,https://www.googletagmanager.com/gtm.js?id=GTM-PNL74RS&l=dataLayer,TRACKER
https://www.narscosmetics.com,googletagmanager.com,https://www.googletagmanager.com/gtag/js?id=G-8DH2VN7KBE&l=dataLayer&cx=c,TRACKER
https://www.narscosmetics.com,google-analytics.com,https://www.google-analytics.com/analytics.js,TRACKER
https://www.narscosmetics.com,gbqofs.com,https://cdn.gbqofs.com/shiseido/p/detector-dom.min.js,TRACKER
https://www.narscosmetics.com,bounceexchange.com,https://assets.bounceexchange.com/assets/smart-tag/versioned/main_d49b1f1ad74e9367c70aac24d9d56d74.br.js,TRACKER
https://www.narscosmetics.com,facebook.net,https://connect.facebook.net/en_US/fbevents.js,TRACKER
https://www.narscosmetics.com,micpn.com,https://pd5pe2as.micpn.com/p/js/1.js,TRACKER
https://www.narscosmetics.com,pdst.fm,https://cdn.pdst.fm/ping.min.js,TRACKER
https://www.narscosmetics.com,pepperjam.com,https://container.pepperjam.com/3647194260.js,TRACKER
https://www.narscosmetics.com,googletagmanager.com,https://www.googletagmanager.com/gtag/js?id=G-1111111111&l=dataLayer&cx=c,TRACKER
https://www.narscosmetics.com,b2c.com,https://api.b2c.com/s/pp.js,TRACKER
https://www.narscosmetics.com,tiktok.com,https://analytics.tiktok.com/i18n/pixel/static/main.MTUwODYwN2I3MA.js,TRACKER
https://www.narscosmetics.com,facebook.net,https://connect.facebook.net/signals/config/279060722280133?v=2.9.95&r=stable,TRACKER
https://www.narscosmetics.com,bing.com,https://bat.bing.com/bat.js,TRACKER
https://www.narscosmetics.com,shoprunner.com,https://page-analytics.shoprunner.com/NARS/latest/pageAnalyticsNARS.js,TRACKER
https://www.narscosmetics.com,shoprunner.com,https://dp.shoprunner.com/2.9.0/sp.js,TRACKER
https://www.narscosmetics.com,bounceexchange.com,https://assets.bounceexchange.com/assets/smart-tag/versioned/inbox_02b49e81fdce836ab814f9ce203fce36.br.js,TRACKER
https://www.luxottica.com,go-mpulse.net,https://s.go-mpulse.net/boomerang/ZYPAW-R4CA6-4YCGH-Q5SQX-KYB8U,TRACKER
https://www.designerglasses.co.uk,googletagmanager.com,https://www.googletagmanager.com/gtag/js?id=AW-904526352,TRACKER
https://www.designerglasses.co.uk,googletagmanager.com,https://www.googletagmanager.com/gtm.js?id=GTM-WKHMPFL,TRACKER
https://www.designerglasses.co.uk,paypal.com,https://www.paypal.com/tagmanager/pptm.js?id=cf31844f-e2a0-435a-8e4e-3bed3fc612e4,TRACKER
https://www.designerglasses.co.uk,facebook.net,https://connect.facebook.net/en_US/fbevents.js,TRACKER
https://www.designerglasses.co.uk,facebook.net,https://connect.facebook.net/signals/config/233819011196055?v=2.9.95&r=stable,TRACKER
https://www.designerglasses.co.uk,googletagmanager.com,https://www.googletagmanager.com/gtag/js?id=G-T86732T5ET&l=dataLayer&cx=c,TRACKER
https://www.designerglasses.co.uk,trustpilot.com,https://widget.trustpilot.com/trustboxes/5419b637fa0340045cd0c936/main.js,TRACKER
https://www.designerglasses.co.uk,trustpilot.com,https://widget.trustpilot.com/bootstrap/v5/tp.widget.bootstrap.min.js,TRACKER
https://www.designerglasses.co.uk,trustpilot.com,https://widget.trustpilot.com/trustboxes/53aa8912dec7e10d38f59f36/main.js,TRACKER
https://www.designerglasses.co.uk,google-analytics.com,https://www.google-analytics.com/analytics.js,TRACKER
https://www.ardellshop.com,googletagmanager.com,https://www.googletagmanager.com/gtm.js?id=GTM-5H2M9BT,TRACKER
https://www.ardellshop.com,facebook.net,https://connect.facebook.net/en_US/fbevents.js,TRACKER
https://www.ardellshop.com,klaviyo.com,https://static-tracking.klaviyo.com/onsite/js/fender_analytics.78381ec829aa8f411002.js?cb=1,TRACKER
https://www.ardellshop.com,facebook.net,https://connect.facebook.net/signals/config/2879493442102510?v=2.9.95&r=stable,TRACKER
https://www.ardellshop.com,googletagmanager.com,https://www.googletagmanager.com/gtag/js?id=G-ZGBWKQECKQ&l=dataLayer&cx=c,TRACKER
https://www.ardellshop.com,criteo.com,https://dynamic.criteo.com/js/ld/ld.js?a=88152,TRACKER
https://www.ardellshop.com,googleoptimize.com,https://www.googleoptimize.com/optimize.js?id=OPT-THQBPRL,TRACKER
https://www.ardellshop.com,hotjar.com,https://static.hotjar.com/c/hotjar-2549335.js?sv=6,TRACKER
https://www.ardellshop.com,tiktok.com,https://analytics.tiktok.com/i18n/pixel/static/main.MTUwODYwN2I3MA.js,TRACKER
https://www.ardellshop.com,google-analytics.com,https://www.google-analytics.com/analytics.js,TRACKER
https://www.ardellshop.com,hotjar.com,https://script.hotjar.com/modules.a9cc4200c5b688b3965e.js,TRACKER
https://www.ardellshop.com,hotjar.com,https://vars.hotjar.com/box-e031119f9e9e307a08fa610f85dbfb52.html,TRACKER
https://www.invushop.com,googletagmanager.com,https://www.googletagmanager.com/gtm.js?id=GTM-5JCXLQG,TRACKER
https://www.invushop.com,google-analytics.com,https://www.google-analytics.com/analytics.js,TRACKER
https://www.invushop.com,wisepops.com,https://loader.wisepops.com/get-loader.js?v=1&site=qvxNVnnvDz,TRACKER
https://www.invushop.com,facebook.net,https://connect.facebook.net/en_US/fbevents.js,TRACKER
https://www.invushop.com,facebook.net,https://connect.facebook.net/signals/config/203201447461872?v=2.9.95&r=stable,TRACKER
https://www.vogue-eyewear.com,dynatrace.com,https://js-cdn.dynatrace.com/jstag/1658b155923/ruxitagent_A2Vfqru_10225210921130928.js,TRACKER
https://www.vogue-eyewear.com,forter.com,https://ef960c6bab63.cdn4.forter.com/sn/ef960c6bab63/script.js,TRACKER
https://www.janeiredale.com,shopify.com,https://cdn.shopify.com/shopifycloud/boomerang/shopify-boomerang-1.0.0.min.js,TRACKER
https://www.janeiredale.com,iesnare.com,https://mpsnare.iesnare.com/general5/wdp.js?loaderVer=5.1.0&compat=false&tp=true&tp_split=false&fp_static=false&fp_dyn=true&flash=false,TRACKER
https://www.janeiredale.com,google-analytics.com,https://www.google-analytics.com/gtm/optimize.js?id=OPT-NHFQSRZ,TRACKER
https://www.janeiredale.com,facebook.net,https://connect.facebook.net/en_US/fbevents.js,TRACKER
https://www.janeiredale.com,shopify.com,https://cdn.shopify.com/shopifycloud/consent-tracking-api/v0.1/consent-tracking-api.js,TRACKER
https://www.janeiredale.com,klaviyo.com,https://static-tracking.klaviyo.com/onsite/js/fender_analytics.78381ec829aa8f411002.js?cb=1,TRACKER
https://www.janeiredale.com,hotjar.com,https://static.hotjar.com/c/hotjar-1962406.js?sv=7,TRACKER
https://www.janeiredale.com,facebook.net,https://connect.facebook.net/signals/config/1681284498819631?v=2.9.95&r=stable,TRACKER
https://www.janeiredale.com,hotjar.com,https://script.hotjar.com/modules.a9cc4200c5b688b3965e.js,TRACKER
https://www.janeiredale.com,bing.com,https://bat.bing.com/bat.js,TRACKER
https://www.janeiredale.com,hotjar.com,https://vars.hotjar.com/box-e031119f9e9e307a08fa610f85dbfb52.html,TRACKER
https://www.janeiredale.com,google-analytics.com,https://www.google-analytics.com/analytics.js,TRACKER
https://www.janeiredale.com,tiktok.com,https://analytics.tiktok.com/i18n/pixel/static/main.MTUwODYwN2I3Mw.js,TRACKER
https://www.janeiredale.com,getshogun.com,https://analytics.getshogun.com/collector.js?shop=iredale-cosmetics.myshopify.com,TRACKER
https://www.janeiredale.com,dwin1.com,https://www.dwin1.com/19038.js?shop=iredale-cosmetics.myshopify.com,TRACKER
https://www.janeiredale.com,zotabox.com,https://static.zotabox.com/9/3/93c8ee71de2e9f1a825d2fcbd12ef438/widgets.js?shop=iredale-cosmetics.myshopify.com,TRACKER
https://www.janeiredale.com,criteo.net,https://static.criteo.net/js/ld/ld.js,TRACKER
https://www.janeiredale.com,d38xvr37kwwhcm.cloudfront.net,https://d38xvr37kwwhcm.cloudfront.net/js/grin-sdk.js?shop=iredale-cosmetics.myshopify.com,TRACKER
https://www.bulgari.com,cquotient.com,https://cdn.cquotient.com/js/v2/gretel.min.js,TRACKER
https://www.bulgari.com,googletagmanager.com,https://www.googletagmanager.com/gtm.js?id=GTM-5CB3RVX,TRACKER
https://www.bulgari.com,kleecks.com,https://matomo.kleecks.com/matomo.js,TRACKER
https://www.bulgari.com,go-mpulse.net,https://s.go-mpulse.net/boomerang/E8DUJ-6H2MK-PDVU9-3WTSA-5SFER,TRACKER
https://www.bulgari.com,googletagmanager.com,https://www.googletagmanager.com/gtag/js?id=G-8BD8QTE75Q&l=dataLayer&cx=c,TRACKER
https://www.bulgari.com,googletagmanager.com,https://www.googletagmanager.com/gtm.js?id=GTM-W6SPHG4&l=dataLayer,TRACKER
https://www.bulgari.com,google-analytics.com,https://www.google-analytics.com/analytics.js,TRACKER
https://www.kits.ca,criteo.net,https://static.criteo.net/js/ld/ld.js,TRACKER
https://www.kits.ca,facebook.net,https://connect.facebook.net/en_US/fbevents.js,TRACKER
https://www.kits.ca,facebook.net,https://connect.facebook.net/signals/config/2213637168932829?v=2.9.95&r=stable,TRACKER
https://www.kits.ca,googletagmanager.com,https://www.googletagmanager.com/gtm.js?id=GTM-WGVQHHK,TRACKER
https://www.kits.ca,bing.com,https://bat.bing.com/bat.js,TRACKER
https://www.kits.ca,lightboxcdn.com,https://www.lightboxcdn.com/vendor/1ef00b35-251b-4428-9a9a-a736e266ada3/user.js?cb=638100992810120344,TRACKER
https://www.kits.ca,googletagmanager.com,https://www.googletagmanager.com/gtag/js?id=G-794JEC32L9&l=dataLayer&cx=c,TRACKER
https://www.kits.ca,google-analytics.com,https://www.google-analytics.com/gtm/optimize.js?id=OPT-599L29L,TRACKER
https://www.kits.ca,redditstatic.com,https://www.redditstatic.com/ads/pixel.js,TRACKER
https://www.kits.ca,hotjar.com,https://static.hotjar.com/c/hotjar-1966448.js?sv=6,TRACKER
https://www.kits.ca,google-analytics.com,https://www.google-analytics.com/analytics.js,TRACKER
https://www.kits.ca,pdst.fm,https://cdn.pdst.fm/ping.min.js,TRACKER
https://www.kits.ca,lightboxcdn.com,https://www.lightboxcdn.com/vendor/1ef00b35-251b-4428-9a9a-a736e266ada3/lightbox_inline.js,TRACKER
https://www.kits.ca,gonift.com,https://cdn.gonift.com/analytics/js/nift.js,TRACKER
https://www.kits.ca,rakuten.com,https://tag.rmp.rakuten.com/125557.ct.js,TRACKER
https://www.kits.ca,tiktok.com,https://analytics.tiktok.com/i18n/pixel/static/main.MTUwODYwN2I3MA.js,TRACKER
https://www.kits.ca,hotjar.com,https://script.hotjar.com/modules.a9cc4200c5b688b3965e.js,TRACKER
https://www.kits.ca,googletagmanager.com,https://www.googletagmanager.com/gtag/js?id=AW-446922059,TRACKER
https://www.kits.ca,googletagmanager.com,https://www.googletagmanager.com/gtag/js?id=AW-446922059&l=dataLayer&cx=c,TRACKER
https://www.kits.ca,hotjar.com,https://vars.hotjar.com/box-e031119f9e9e307a08fa610f85dbfb52.html,TRACKER
https://www.charlietemple.com,optimizely.com,https://cdn.optimizely.com/js/21237961087.js,TRACKER
https://www.jins.com,shopify.com,https://cdn.shopify.com/shopifycloud/boomerang/shopify-boomerang-1.0.0.min.js,TRACKER
https://www.jins.com,shopify.com,https://cdn.shopify.com/extensions/6d0c5c8e-5b07-44ae-97e1-036729659f97/0.72.0/assets/gdpr_cookie_consent.js,TRACKER
https://www.jins.com,googletagmanager.com,https://www.googletagmanager.com/gtm.js?id=GTM-PWXSR8,TRACKER
https://www.jins.com,shopify.com,https://cdn.shopify.com/shopifycloud/consent-tracking-api/v0.1/consent-tracking-api.js,TRACKER
https://www.jins.com,visualwebsiteoptimizer.com,https://dev.visualwebsiteoptimizer.com/web/djIkdGU6Ny4wOmFzeW5jJWdxdWVyeQ==/tag-f417c1be6fec5e70ea6d99fd35055d4c.js,TRACKER
https://www.jins.com,visualwebsiteoptimizer.com,https://dev.visualwebsiteoptimizer.com/web/djIkYTo0LjA6bm9qcXVlcnksdHI6Ny4w/tag-8aed253fd4fd624508263ed385cd0fd5.js,TRACKER
https://www.jins.com,facebook.net,https://connect.facebook.net/en_US/fbevents.js,TRACKER
https://www.jins.com,googletagmanager.com,https://www.googletagmanager.com/gtag/js?id=G-DTLYJN1D1M&l=dataLayer&cx=c,TRACKER
https://www.jins.com,google-analytics.com,https://www.google-analytics.com/analytics.js,TRACKER
https://www.jins.com,pdst.fm,https://cdn.pdst.fm/ping.min.js,TRACKER
https://www.jins.com,facebook.net,https://connect.facebook.net/signals/config/1717563471869395?v=2.9.95&r=stable,TRACKER
https://www.jins.com,bing.com,https://bat.bing.com/bat.js,TRACKER
https://www.jins.com,zdassets.com,https://static.zdassets.com/ekr/snippet.js?key=69c78984-de2d-4270-9432-b2424533bbaa,TRACKER
https://www.jins.com,luckyorange.com,https://tools.luckyorange.com/core/core.js?v=857c7ba,TRACKER
https://www.jins.com,luckyorange.com,https://tools.luckyorange.com/core/frame.js?v=857c7ba,TRACKER
https://www.aveda.ca,go-mpulse.net,https://s.go-mpulse.net/boomerang/QFFNM-74CML-9G7LY-2JFWG-469U5,TRACKER
https://www.armani.com,go-mpulse.net,https://s.go-mpulse.net/boomerang/FXUD6-SZQ8V-9APQV-W3SCN-WH266,TRACKER
https://www.armani.com,optimizely.com,https://a4638032.cdn.optimizely.com/client_storage/a4638032.html,TRACKER
https://www.smartbuyglasses.com,googletagmanager.com,https://www.googletagmanager.com/gtm.js?id=GTM-278F,TRACKER
https://www.prada.com,go-mpulse.net,https://s.go-mpulse.net/boomerang/9W8EP-ZZJZB-ZNFNQ-H4NFC-44F58,TRACKER
https://www.afflelou.com,googletagmanager.com,https://www.googletagmanager.com/gtm.js?id=GTM-W6R54J,TRACKER
https://www.afflelou.com,privacy-center.org,https://sdk.privacy-center.org/sdk.a45b2e3d0a1331dea705607f13f28a8e5603ea0f.js,TRACKER
https://www.afflelou.com,google-analytics.com,https://www.google-analytics.com/analytics.js,TRACKER
https://www.afflelou.com,googletagmanager.com,https://www.googletagmanager.com/gtag/js?id=G-L9QHMSGQ83&l=dataLayer&cx=c,TRACKER
https://www.edel-optics.de,usercentrics.eu,https://app.usercentrics.eu/browser-ui/latest/loader.js,TRACKER
https://www.edel-optics.de,googletagmanager.com,https://www.googletagmanager.com/gtag/js?id=AW-991300861,TRACKER
https://www.edel-optics.de,googletagmanager.com,https://www.googletagmanager.com/gtag/js?id=DC-12231528,TRACKER
https://www.edel-optics.de,usercentrics.eu,https://app.usercentrics.eu/browser-ui/3.16.1/index.module.js,TRACKER
https://www.edel-optics.de,googletagmanager.com,https://www.googletagmanager.com/gtm.js?id=GTM-MQ7F453,TRACKER
https://www.edel-optics.de,contentsquare.net,https://t.contentsquare.net/uxa/b2cedd28a74a9.js,TRACKER
https://www.edel-optics.de,facebook.net,https://connect.facebook.net/en_US/fbevents.js,TRACKER
https://www.edel-optics.de,googletagmanager.com,https://www.googletagmanager.com/gtag/js?id=AW-880736204&l=dataLayer&cx=c,TRACKER
https://www.edel-optics.de,googletagmanager.com,https://www.googletagmanager.com/gtag/js?id=AW-726324160&l=dataLayer&cx=c,TRACKER
https://www.edel-optics.de,facebook.net,https://connect.facebook.net/signals/config/2851856105051920?v=2.9.95&r=stable,TRACKER
https://www.edel-optics.de,sc-static.net,https://sc-static.net/scevent.min.js,TRACKER
https://www.edel-optics.de,outbrain.com,https://amplify.outbrain.com/cp/obtp.js,TRACKER
https://www.edel-optics.de,scarabresearch.com,https://recommender.scarabresearch.com/js/1C5536F3B498716C/scarab-v2.js,TRACKER
https://www.edel-optics.de,usercentrics.eu,https://app.usercentrics.eu/browser-ui/3.16.1/VirtualServiceItem-9982d97a.js,TRACKER
https://www.edel-optics.de,scarabresearch.com,https://static.scarabresearch.com/wpjs/wploader.js?ts=2771,TRACKER
https://www.sallyhansen.com,adobedtm.com,https://assets.adobedtm.com/launch-EN9f165fb823ae4bc4bac733bddb58ba1a.min.js,TRACKER
https://www.sallyhansen.com,adobedtm.com,https://assets.adobedtm.com/extensions/EPbf7b42aa08bc4f10879b1484195e80d1/AppMeasurement.min.js,TRACKER
https://www.fittingbox.com,newrelic.com,https://js-agent.newrelic.com/nr-spa-1216.min.js,TRACKER
https://www.fittingbox.com,googletagmanager.com,https://www.googletagmanager.com/gtag/js?id=G-VE8LPLVX9H,TRACKER
https://www.fittingbox.com,googletagmanager.com,https://www.googletagmanager.com/gtm.js?id=GTM-M7RGNXS,TRACKER
https://www.fittingbox.com,hs-banner.com,https://js.hs-banner.com/3439223.js,TRACKER
https://www.fittingbox.com,hsleadflows.net,https://js.hsleadflows.net/leadflows.js,TRACKER
https://www.fittingbox.com,googletagmanager.com,https://www.googletagmanager.com/gtag/js?id=UA-218434410-1&l=dataLayer&cx=c,TRACKER
https://www.fittingbox.com,google-analytics.com,https://www.google-analytics.com/analytics.js,TRACKER
https://www.fittingbox.com,licdn.com,https://snap.licdn.com/li.lms-analytics/insight.min.js,TRACKER
https://www.fittingbox.com,facebook.net,https://connect.facebook.net/en_US/fbevents.js,TRACKER
https://www.fittingbox.com,hotjar.com,https://static.hotjar.com/c/hotjar-1082230.js?sv=7,TRACKER
https://www.fittingbox.com,facebook.net,https://connect.facebook.net/signals/config/567030678079624?v=2.9.95&r=stable,TRACKER
https://www.fittingbox.com,hotjar.com,https://script.hotjar.com/modules.a9cc4200c5b688b3965e.js,TRACKER
https://www.fittingbox.com,hotjar.com,https://vars.hotjar.com/box-e031119f9e9e307a08fa610f85dbfb52.html,TRACKER
https://www.fittingbox.com,hs-analytics.net,https://js.hs-analytics.net/analytics/1676476800000/3439223.js,TRACKER
https://www.coffretdor-makeup.jp,adobedtm.com,https://assets.adobedtm.com/46f7aa89c5c29a2e0a036bb0dd699ffc023b83b8/satelliteLib-926dc0a16dc509011a1079554f8a721c43eb200a.js,TRACKER
https://www.coffretdor-makeup.jp,adobedtm.com,https://assets.adobedtm.com/b7a762abc961/ca539d1daace/86a7972e565d/EX0eb382e10bc24fcf9c62ed2f27d23feb-libraryCode_source.min.js,TRACKER
https://www.coffretdor-makeup.jp,googletagmanager.com,https://www.googletagmanager.com/gtag/js?id=UA-164628847-46&l=ymkDataLayer,TRACKER
https://www.coffretdor-makeup.jp,google-analytics.com,https://www.google-analytics.com/analytics.js,TRACKER
https://www.zennioptical.com,rfksrv.com,https://148525093-prod.rfksrv.com/rfk/js/11307-148525093/init.js,TRACKER
https://www.zennioptical.com,google-analytics.com,https://www.google-analytics.com/analytics.js,TRACKER
https://www.zennioptical.com,google-analytics.com,https://www.google-analytics.com/gtm/js?id=GTM-MKX8C2P&cid=1269814020.1676477136,TRACKER
https://www.zennioptical.com,newrelic.com,https://js-agent.newrelic.com/nr-1177.min.js,TRACKER
https://www.zennioptical.com,googletagmanager.com,https://www.googletagmanager.com/gtm.js?id=GTM-5LHRKQF,TRACKER
https://www.zennioptical.com,google-analytics.com,https://www.google-analytics.com/plugins/ua/linkid.js,TRACKER
https://www.zennioptical.com,googletagmanager.com,https://www.googletagmanager.com/gtag/js?id=G-56D89R5CGK&l=dataLayer&cx=c,TRACKER
https://www.zennioptical.com,googletagmanager.com,https://www.googletagmanager.com/gtag/js?id=G-12345&l=dataLayer&cx=c,TRACKER
https://www.zennioptical.com,facebook.net,https://connect.facebook.net/en_US/fbevents.js,TRACKER
https://www.zennioptical.com,impactradius-event.com,https://d.impactradius-event.com/A2293205-9256-431e-84ad-808c125934c31.js,TRACKER
https://www.zennioptical.com,bing.com,https://bat.bing.com/bat.js,TRACKER
https://www.zennioptical.com,criteo.com,https://dynamic.criteo.com/js/ld/ld.js?a=83887,TRACKER
https://www.zennioptical.com,contentsquare.net,https://t.contentsquare.net/uxa/de1e4088f11b3.js,TRACKER
https://www.zennioptical.com,sc-static.net,https://sc-static.net/scevent.min.js,TRACKER
https://www.zennioptical.com,contentsquare.net,https://t.contentsquare.net/uxa/411454baee8ef.js,TRACKER
https://www.zennioptical.com,facebook.net,https://connect.facebook.net/signals/config/1571497956325245?v=2.9.95&r=stable,TRACKER
https://www.maccosmetics.ca,go-mpulse.net,https://s.go-mpulse.net/boomerang/VDG7P-C8T8B-K8SKN-HCULQ-9Q5CT,TRACKER
https://www.transitions.com,onetrust.com,https://cdn-ukwest.onetrust.com/scripttemplates/otSDKStub.js,TRACKER
https://www.transitions.com,go-mpulse.net,https://s.go-mpulse.net/boomerang/57T8F-T6VNN-9CHGU-7NYC6-C6KTD,TRACKER
https://www.transitions.com,onetrust.com,https://cdn-ukwest.onetrust.com/scripttemplates/6.5.0/otBannerSdk.js,TRACKER
https://www.transitions.com,googletagmanager.com,https://www.googletagmanager.com/gtm.js?id=GTM-MWVFDD8,TRACKER
https://www.transitions.com,googletagmanager.com,https://www.googletagmanager.com/gtm.js?id=GTM-N9NQ28X,TRACKER
https://www.transitions.com,googletagmanager.com,https://www.googletagmanager.com/gtag/js?id=DC-3832863,TRACKER
https://www.transitions.com,googletagmanager.com,https://www.googletagmanager.com/gtag/js?id=DC-9744168,TRACKER
https://www.transitions.com,ensighten.com,https://nexus.ensighten.com/choozle/11430/Bootstrap.js,TRACKER
https://www.transitions.com,googletagmanager.com,https://www.googletagmanager.com/gtag/js?id=G-LXXS3FKT32&l=dataLayer&cx=c,TRACKER
https://www.transitions.com,contentsquare.net,https://t.contentsquare.net/uxa/61a74f111c0ee.js,TRACKER
https://www.transitions.com,hotjar.com,https://static.hotjar.com/c/hotjar-1318613.js?sv=6,TRACKER
https://www.transitions.com,bing.com,https://bat.bing.com/bat.js,TRACKER
https://www.transitions.com,googletagmanager.com,https://www.googletagmanager.com/gtag/js?id=DC-9276102,TRACKER
https://www.transitions.com,google-analytics.com,https://www.google-analytics.com/analytics.js,TRACKER
https://www.transitions.com,facebook.net,https://connect.facebook.net/en_US/fbevents.js,TRACKER
https://www.transitions.com,hotjar.com,https://script.hotjar.com/modules.a9cc4200c5b688b3965e.js,TRACKER
https://www.transitions.com,facebook.net,https://connect.facebook.net/signals/config/1066443956882487?v=2.9.95&r=stable,TRACKER
https://www.transitions.com,hotjar.com,https://vars.hotjar.com/box-e031119f9e9e307a08fa610f85dbfb52.html,TRACKER
https://www.oliverpeoples.com,dynatrace.com,https://js-cdn.dynatrace.com/jstag/1658b155923/ruxitagent_A2Vfqru_10225210921130928.js,TRACKER
https://www.oliverpeoples.com,googletagmanager.com,https://www.googletagmanager.com/gtm.js?id=GTM-PZNL6RN,TRACKER
https://www.oliverpeoples.com,googletagmanager.com,https://www.googletagmanager.com/gtag/js?id=DC-9327482,TRACKER
https://www.oliverpeoples.com,forter.com,https://9dbb40b4e63f.cdn4.forter.com/sn/9dbb40b4e63f/script.js,TRACKER
https://www.eyeglassworld.com,googletagmanager.com,https://www.googletagmanager.com/gtm.js?id=GTM-MXQ3M2,TRACKER
https://www.eyeglassworld.com,googletagmanager.com,https://www.googletagmanager.com/gtag/js?id=G-C2W8RN4B60&l=dataLayer&cx=c,TRACKER
https://www.eyeglassworld.com,google-analytics.com,https://www.google-analytics.com/analytics.js,TRACKER
https://www.eyeglassworld.com,micpn.com,https://gryvhjwu.micpn.com/p/js/1.js,TRACKER
https://www.eyeglassworld.com,bing.com,https://bat.bing.com/bat.js,TRACKER
https://www.eyeglassworld.com,facebook.net,https://connect.facebook.net/en_US/fbevents.js,TRACKER
https://www.eyeglassworld.com,clicktale.net,https://cdnssl.clicktale.net/www03/ptc/482a28e0-a531-4586-bd86-ae21a52f4b07.js,TRACKER
https://www.eyeglassworld.com,foresee.com,https://gateway.foresee.com/code/5.10.4-oo/oo_engine.min.js,TRACKER
https://www.eyeglassworld.com,foresee.com,https://gateway.foresee.com/sites/eyeglass-world/production/opinionlab/oo_style.js,TRACKER
https://www.eyeglassworld.com,facebook.net,https://connect.facebook.net/signals/config/270641416621262?v=2.9.95&r=stable,TRACKER
https://www.eyeglassworld.com,clicktale.net,https://cdnssl.clicktale.net/www/bridge-WR110.js,TRACKER
https://www.lancome.ca,cquotient.com,https://cdn.cquotient.com/js/v2/gretel.min.js,TRACKER
https://www.lancome.ca,googletagmanager.com,https://www.googletagmanager.com/gtm.js?id=GTM-WNBCJWQ&l=dataLayer,TRACKER
https://www.lancome.ca,igodigital.com,https://7206982.collect.igodigital.com/collect.js,TRACKER
https://www.lancome.ca,googletagmanager.com,https://www.googletagmanager.com/gtag/js?id=G-EJNCDWT10P&l=dataLayer&cx=c,TRACKER
https://www.lancome.ca,googletagmanager.com,https://www.googletagmanager.com/gtag/js?id=G-50B660WM08&l=dataLayer&cx=c,TRACKER
https://www.lancome.ca,impactradius-event.com,https://d.impactradius-event.com/A325808-a7c1-4ff9-b244-ea96680cace11.js,TRACKER
https://www.lancome.ca,google-analytics.com,https://www.google-analytics.com/analytics.js,TRACKER
https://www.lancome.ca,google-analytics.com,https://www.google-analytics.com/plugins/ua/linkid.js,TRACKER
https://www.madison-reed.com,segment.com,https://cdn.segment.com/analytics.js/v1/eNIccgYqrjUnByZO4nU3i89H8QR63FQ2/analytics.min.js,TRACKER
https://www.madison-reed.com,googletagmanager.com,https://www.googletagmanager.com/gtm.js?id=GTM-PBDN6G,TRACKER
https://www.madison-reed.com,facebook.net,https://connect.facebook.net/en_US/fbevents.js,TRACKER
https://www.madison-reed.com,googletagmanager.com,https://www.googletagmanager.com/gtag/js?id=AW-819763568,TRACKER
https://www.madison-reed.com,google-analytics.com,https://www.google-analytics.com/analytics.js,TRACKER
https://www.madison-reed.com,sc-static.net,https://sc-static.net/scevent.min.js,TRACKER
https://www.madison-reed.com,liadm.com,https://b-code.liadm.com/a-01c8.min.js,TRACKER
https://www.madison-reed.com,pdst.fm,https://cdn.pdst.fm/ping.min.js,TRACKER
https://www.madison-reed.com,gonift.com,https://cdn.gonift.com/analytics/js/nift.js,TRACKER
https://www.madison-reed.com,facebook.net,https://connect.facebook.net/signals/config/518625794934476?v=2.9.95&r=stable,TRACKER
https://www.madison-reed.com,tiktok.com,https://analytics.tiktok.com/i18n/pixel/static/main.MTUwODYwN2I3MA.js,TRACKER
https://www.madison-reed.com,d2hrivdxn8ekm8.cloudfront.net,https://d2hrivdxn8ekm8.cloudfront.net/tracker-latest.min.js,TRACKER
https://www.madison-reed.com,bing.com,https://bat.bing.com/bat.js,TRACKER
https://www.madison-reed.com,tp88trk.com,https://www.tp88trk.com/scripts/sdk/everflow.js,TRACKER
https://www.madison-reed.com,segment.com,https://cdn.segment.com/next-integrations/integrations/vendor/commons.c42222c4cb2f8913500f.js.gz,TRACKER
https://www.madison-reed.com,segment.com,https://cdn.segment.com/next-integrations/integrations/visual-tagger/0.3.5/visual-tagger.dynamic.js.gz,TRACKER
https://www.madison-reed.com,cloudflare.com,https://cdnjs.cloudflare.com/ajax/libs/snowplow/2.16.3/sp.min.js,TRACKER
https://www.madison-reed.com,hotjar.com,https://static.hotjar.com/c/hotjar-1539153.js?sv=6,TRACKER
https://www.madison-reed.com,hotjar.com,https://script.hotjar.com/modules.a9cc4200c5b688b3965e.js,TRACKER
https://www.madison-reed.com,hotjar.com,https://vars.hotjar.com/box-e031119f9e9e307a08fa610f85dbfb52.html,TRACKER
https://www.madison-reed.com,sift.com,https://cdn.sift.com/s.js,TRACKER
https://www.sunski.com,liadm.com,https://b-code.liadm.com/a-07jl.min.js,TRACKER
https://www.sunski.com,googletagmanager.com,https://www.googletagmanager.com/gtag/js?id=AW-940854498,TRACKER
https://www.sunski.com,googleoptimize.com,https://www.googleoptimize.com/optimize.js?id=OPT-KL7LL3B,TRACKER
https://www.sunski.com,googletagmanager.com,https://www.googletagmanager.com/gtag/js?id=UA-28842980-1&l=dataLayer&cx=c,TRACKER
https://www.sunski.com,googletagmanager.com,https://www.googletagmanager.com/gtag/js?id=G-KXN8W7NQ2E&l=dataLayer&cx=c,TRACKER
https://www.sunski.com,bing.com,https://bat.bing.com/bat.js,TRACKER
https://www.sunski.com,shopify.com,https://cdn.shopify.com/shopifycloud/boomerang/shopify-boomerang-1.0.0.min.js,TRACKER
https://www.sunski.com,hotjar.com,https://static.hotjar.com/c/hotjar-1158460.js?sv=6,TRACKER
https://www.sunski.com,google-analytics.com,https://www.google-analytics.com/analytics.js,TRACKER
https://www.sunski.com,hotjar.com,https://script.hotjar.com/modules.a9cc4200c5b688b3965e.js,TRACKER
https://www.sunski.com,facebook.net,https://connect.facebook.net/en_US/fbevents.js,TRACKER
https://www.sunski.com,hotjar.com,https://vars.hotjar.com/box-e031119f9e9e307a08fa610f85dbfb52.html,TRACKER
https://www.sunski.com,facebook.net,https://connect.facebook.net/signals/config/569492769877444?v=2.9.95&r=stable,TRACKER
https://www.baume-et-mercier.com,video-cdn.net,https://e.video-cdn.net/v2/embed.js,UNKOWN
https://www.baume-et-mercier.com,video-cdn.net,https://e.video-cdn.net/v2/bitmovin-plugin.js,UNKOWN
https://www.esteelauder.ca,powerreviews.com,https://ui.powerreviews.com/stable/4.1/ui.js,UNKOWN
https://www.esteelauder.ca,akamaihd.net,https://photorankstatics-a.akamaihd.net/81b03e40475846d5883661ff57b34ece/static/frontend/latest/build.min.js,UNKOWN
https://www.esteelauder.ca,facebook.net,https://connect.facebook.net/en_US/sdk.js?hash=148ed437b5b22a1a7350592c6abfb479,UNKOWN
https://www.esteelauder.ca,cookielaw.org,https://cdn.cookielaw.org/scripttemplates/otSDKStub.js,UNKOWN
https://www.esteelauder.ca,liveperson.net,https://lptag.liveperson.net/tag/tag.js?site=48719195,UNKOWN
https://www.fielmann.at,cookielaw.org,https://cdn.cookielaw.org/scripttemplates/otSDKStub.js,UNKOWN
https://www.fielmann.at,cookielaw.org,https://cdn.cookielaw.org/scripttemplates/6.39.0/otBannerSdk.js,UNKOWN
https://www.elfcosmetics.com,cookielaw.org,https://cdn.cookielaw.org/scripttemplates/otSDKStub.js,UNKOWN
https://www.elfcosmetics.com,dynamicyield.com,https://cdn.dynamicyield.com/api/8772046/api_static.js,UNKOWN
https://www.elfcosmetics.com,dynamicyield.com,https://cdn.dynamicyield.com/scripts/1.156.0/dy-coll-min.js,UNKOWN
https://www.elfcosmetics.com,cookielaw.org,https://cdn.cookielaw.org/scripttemplates/202211.2.0/otBannerSdk.js,UNKOWN
https://www.elfcosmetics.com,bazaarvoice.com,https://apps.bazaarvoice.com/analytics/bv-analytics.js,UNKOWN
https://www.elfcosmetics.com,perfectcorp.com,https://plugins-media.perfectcorp.com/c695/sdk.js?apiKey=WZAntXUwJQKcfXEl4AR5w==,UNKOWN
https://www.elfcosmetics.com,usehero.com,https://cdn.usehero.com/loader.js,UNKOWN
https://www.elfcosmetics.com,custora.com,https://track.custora.com/pixel.js,UNKOWN
https://www.elfcosmetics.com,acsbapp.com,https://acsbapp.com/apps/app/dist/js/app.js,UNKOWN
https://www.catrice.eu,bazaarvoice.com,https://apps.bazaarvoice.com/deployments/cosnova_all/main_site/production/en_DE/bv.js,UNKOWN
https://www.catrice.eu,bazaarvoice.com,https://apps.bazaarvoice.com/analytics/bv-analytics.js,UNKOWN
https://www.bebeautiful.in,cookielaw.org,https://cdn.cookielaw.org/scripttemplates/otSDKStub.js,UNKOWN
https://www.bebeautiful.in,fwcdn3.com,https://asset.fwcdn3.com/js/embed-feed.js,UNKOWN
https://www.bebeautiful.in,epsilondelta.co,https://cdn.epsilondelta.co/static/gemGen.js,UNKOWN
https://www.bebeautiful.in,cookielaw.org,https://cdn.cookielaw.org/scripttemplates/202211.2.0/otBannerSdk.js,UNKOWN
https://www.bebeautiful.in,shortlyst.com,https://cdn.shortlyst.com/es/cartmgr.min.js?ozpi4l,UNKOWN
https://www.maybelline.ca,facebook.net,https://connect.facebook.net/en_US/all.js?hash=455b9f7c02bd499dadc863929bd92ed6,UNKOWN
https://www.maybelline.ca,youtube.com,https://www.youtube.com/s/player/d405f6b4/www-widgetapi.vflset/www-widgetapi.js,UNKOWN
https://www.americasbest.com,cookielaw.org,https://cdn.cookielaw.org/consent/4708bf60-12ca-4f07-95d7-9ee7f230f1b6/otSDKStub.js,UNKOWN
https://www.americasbest.com,cookielaw.org,https://cdn.cookielaw.org/scripttemplates/6.36.0/otBannerSdk.js,UNKOWN
https://www.beekman1802.com,d26ky332zktp97.cloudfront.net,https://d26ky332zktp97.cloudfront.net/colibrius-g.js,UNKOWN
https://www.beekman1802.com,personalizer.io,https://edge.personalizer.io/storefront/channel/core.f92b6be8f6d7c813b340.js,UNKOWN
https://www.costadelmar.com,tiqcdn.com,https://tags.tiqcdn.com/utag/luxottica/costa/prod/utag.js?v=1676477242695,UNKOWN
https://www.costadelmar.com,tiqcdn.com,https://tags.tiqcdn.com/utag/luxottica/costa/prod/utag.2.js?utv=ut4.48.202302151431,UNKOWN
https://www.ray-ban.com,youtube.com,https://www.youtube.com/s/player/d405f6b4/www-widgetapi.vflset/www-widgetapi.js,UNKOWN
https://www.oakley.com,paybright.com,https://app.paybright.com/dist/sdk.js?public_key=kjLrZC2GFfeKxGggnNkMFg14PJZ97gCLI6bDVCfFxxHbR2VQEM,UNKOWN
https://www.luna.io,ditto.com,https://bsdk.api.ditto.com/default/5.4.0/en-us/api.js,UNKOWN
https://www.luna.io,shopify.com,https://cdn.shopify.com/s/trekkie.storefront.f23242e0bcba6b88e94c243310082bbb178ab50f.min.js,UNKOWN
https://www.luna.io,glasseson.com,https://web.glasseson.com/js/glasseson_wc-4.1.7.js,UNKOWN
https://www.luna.io,glasseson.com,https://web.cdn.glasseson.com/glasseson_wc-4.3.0.js,UNKOWN
https://www.luna.io,shopify.com,https://cdn.shopify.com/shopifycloud/web-pixels-manager/0.0.220/browser.modern.js,UNKOWN
https://www.luna.io,shopify.com,https://cdn.shopify.com/s/files/1/0416/2561/6534/t/22/assets/global.js?v=166665586570894909931667534618,UNKOWN
https://www.luna.io,shopify.com,https://cdn.shopify.com/s/files/1/0416/2561/6534/t/22/assets/app_wishlist-king_sdk.js?v=66952071281459566621667534618,UNKOWN
https://www.luna.io,shopify.com,https://cdn.shopify.com/s/files/1/0416/2561/6534/t/22/assets/ditto.js?v=73244865340662430471667534618,UNKOWN
https://www.sofinaip-hadaid.com,cookielaw.org,https://cdn.cookielaw.org/scripttemplates/otSDKStub.js,UNKOWN
https://www.sofinaip-hadaid.com,kao.com,https://fontplus.aem.kao.com/accessor/script/fontplus.js?EIr0inqzQsY%3D&aa=1,UNKOWN
https://www.sofinaip-hadaid.com,perfectcorp.com,https://plugins-media.perfectcorp.com/c16241/sdk.js?apiKey=WwxKLJyK5TIhUd0S7ldw==,UNKOWN
https://www.sofinaip-hadaid.com,cookielaw.org,https://cdn.cookielaw.org/scripttemplates/6.32.0/otBannerSdk.js,UNKOWN
https://www.punky.com,bazaarvoice.com,https://apps.bazaarvoice.com/deployments/aii/hair/production/en_US/bv.js,UNKOWN
https://www.punky.com,klaviyo.com,https://static.klaviyo.com/onsite/js/vendors~signup_forms.a31dd14a1ce62f91235b.js?cb=1,UNKOWN
https://www.punky.com,klaviyo.com,https://static.klaviyo.com/onsite/js/signup_forms.d3dcfa145c2fcbd427cb.js?cb=1,UNKOWN
https://www.punky.com,bazaarvoice.com,https://apps.bazaarvoice.com/analytics/bv-analytics.js,UNKOWN
https://www.punky.com,klaviyo.com,https://static.klaviyo.com/onsite/js/sharedUtils.80429e339af3fcaca0a2.js?cb=1,UNKOWN
https://www.thelipbar.com,shopify.com,https://cdn.shopify.com/s/trekkie.storefront.f23242e0bcba6b88e94c243310082bbb178ab50f.min.js,UNKOWN
https://www.thelipbar.com,shopify.com,https://cdn.shopify.com/shopifycloud/web-pixels-manager/0.0.220/browser.modern.js,UNKOWN
https://www.baileynelson.com,pinimg.com,https://s.pinimg.com/ct/lib/main.57992c41.js,UNKOWN
https://www.baileynelson.com,attn.tv,https://cdn.attn.tv/attn.js?v=4-latest_6bc95cc3f,UNKOWN
https://www.baileynelson.com,attn.tv,https://cdn.attn.tv/tag/4-latest/tag.js?v=4-latest_6bc95cc3f,UNKOWN
https://www.baileynelson.com,klaviyo.com,https://static.klaviyo.com/onsite/js/vendors~signup_forms.a31dd14a1ce62f91235b.js?cb=1,UNKOWN
https://www.baileynelson.com,klaviyo.com,https://static.klaviyo.com/onsite/js/signup_forms.d3dcfa145c2fcbd427cb.js?cb=1,UNKOWN
https://www.baileynelson.com,klaviyo.com,https://static.klaviyo.com/onsite/js/sharedUtils.80429e339af3fcaca0a2.js?cb=1,UNKOWN
https://www.baileynelson.com,zdassets.com,https://static.zdassets.com/web_widget/latest/web-widget-framework-8c45d598650b92391c71.js,UNKOWN
https://www.baileynelson.com,maps.googleapis.com,https://maps.googleapis.com/maps/api/js?callback=__googleMapsCallback&key=AIzaSyDFzY9NGYm9OdThPBl7C1EcknWiPqDCnWs&libraries=places,UNKOWN
https://www.baileynelson.com,maps.googleapis.com,https://maps.googleapis.com/maps-api-v3/api/js/51/8/common.js,UNKOWN
https://www.baileynelson.com,maps.googleapis.com,https://maps.googleapis.com/maps-api-v3/api/js/51/8/util.js,UNKOWN
https://www.baileynelson.com,maps.googleapis.com,https://maps.googleapis.com/maps-api-v3/api/js/51/8/places_impl.js,UNKOWN
https://www.baileynelson.com,zdassets.com,https://static.zdassets.com/web_widget/latest/classic/web-widget-5324-da42c7a.js,UNKOWN
https://www.baileynelson.com,zdassets.com,https://static.zdassets.com/web_widget/latest/classic/web-widget-8165-da42c7a.js,UNKOWN
https://www.baileynelson.com,zdassets.com,https://static.zdassets.com/web_widget/latest/classic/web-widget-chat-sdk-da42c7a.js,UNKOWN
https://www.benefitcosmetics.com,powerreviews.com,https://ui.powerreviews.com/stable/4.1/ui.js,UNKOWN
https://www.benefitcosmetics.com,youtube.com,https://www.youtube.com/s/player/d405f6b4/www-widgetapi.vflset/www-widgetapi.js,UNKOWN
https://www.benefitcosmetics.com,youtube.com,https://www.youtube.com/s/player/d405f6b4/www-embed-player.vflset/www-embed-player.js,UNKOWN
https://www.benefitcosmetics.com,youtube.com,https://www.youtube.com/s/player/d405f6b4/player_ias.vflset/en_US/base.js,UNKOWN
https://www.benefitcosmetics.com,google.com,https://www.google.com/js/th/l0utS0ZcMB5sywH6Z0mm0C8P1QvukKtyleinqbLPbjc.js,UNKOWN
https://www.glasses.com,maps.googleapis.com,https://maps.googleapis.com/maps/api/js?key=AIzaSyBYKlTpu53k5g-bkUSwS5ZHOJbttikH800&libraries=places,UNKOWN
https://www.glasses.com,ajax.googleapis.com,https://ajax.googleapis.com/ajax/libs/webfont/1.0.31/webfont.js,UNKOWN
https://www.glasses.com,maps.googleapis.com,https://maps.googleapis.com/maps-api-v3/api/js/50/12a/common.js,UNKOWN
https://www.glasses.com,maps.googleapis.com,https://maps.googleapis.com/maps-api-v3/api/js/50/12a/util.js,UNKOWN
https://www.glasses.com,mypurecloud.com,https://apps.mypurecloud.com/pureconnect-widgets,UNKOWN
https://www.glasses.com,dhqbrvplips7x.cloudfront.net,https://dhqbrvplips7x.cloudfront.net/pureconnect-widgets/719/plugins/widgets-core.min.js,UNKOWN
https://www.glasses.com,dhqbrvplips7x.cloudfront.net,https://dhqbrvplips7x.cloudfront.net/pureconnect-widgets/719/plugins/webchatservice.min.js,UNKOWN
https://www.decortecosmetics.com,shopify.com,https://cdn.shopify.com/s/files/1/0350/4095/2456/t/60/assets/lazysizes.min.js?v=174358363404432586981674227780,UNKOWN
https://www.decortecosmetics.com,shopify.com,https://cdn.shopify.com/s/files/1/0350/4095/2456/t/60/assets/sca-qv-pro-responsive.js?v=169014491273998083231674227780,UNKOWN
https://www.decortecosmetics.com,attn.tv,https://cdn.attn.tv/attentive.js?v=1.0.600,UNKOWN
https://www.decortecosmetics.com,attn.tv,https://cdn.attn.tv/3.07.00/analytics.js,UNKOWN
https://www.decortecosmetics.com,shopify.com,https://cdn.shopify.com/shopifycloud/web-pixels-manager/0.0.220/browser.modern.js,UNKOWN
https://www.decortecosmetics.com,shopify.com,https://cdn.shopify.com/s/trekkie.storefront.f23242e0bcba6b88e94c243310082bbb178ab50f.min.js,UNKOWN
https://www.decortecosmetics.com,yotpo.com,https://cdn-widget-assets.yotpo.com/widgets-initializer/app.v0.2.0-3926.js,UNKOWN
https://www.decortecosmetics.com,yotpo.com,https://cdn-widgetsrepository.yotpo.com/widget-assets/yotpo-pixel/2022-12-06_09-10-14/bundle.js,UNKOWN
https://www.decortecosmetics.com,yotpo.com,https://staticw2.yotpo.com/MfhVbHnNWAsnEbPURr2bcYTzWM7OOYfVkShozffH/widget.js,UNKOWN
https://www.decortecosmetics.com,makeupar.com,https://plugins-media.makeupar.com/c37331/sdk.js?apiKey=Bg8Z3itWyiSU23iKoHOIMA,UNKOWN
https://www.decortecosmetics.com,twitter.com,https://platform.twitter.com/widgets.js,UNKOWN
https://www.decortecosmetics.com,afterpay.com,https://static-us.afterpay.com/javascript/present-afterpay.js,UNKOWN
https://www.decortecosmetics.com,fwcdn3.com,https://asset.fwcdn3.com/js/storyblock.js,UNKOWN
https://www.decortecosmetics.com,getshogun.com,https://cdn.getshogun.com/5/61f8093f293eda00d1c5a49b.js,UNKOWN
https://www.decortecosmetics.com,getshogun.com,https://lib.getshogun.com/lazysizes/2.0.0/shogun-lazysizes.js,UNKOWN
https://www.decortecosmetics.com,shopify.com,https://cdn.shopify.com/shopifycloud/shopify/assets/shopify_pay/storefront-c31d2fa4962d2ef90b673e945ee33f4f87302b97d0882cd8e83a629b84b30dab.js?v=20220906,UNKOWN
https://www.decortecosmetics.com,shopify.com,https://cdn.shopify.com/s/files/1/0350/4095/2456/t/60/assets/libs.min.js?v=26178543184394469741674227780,UNKOWN
https://www.decortecosmetics.com,shopify.com,https://cdn.shopify.com/extensions/1bf819fa-2b00-440a-9c86-2e6a88cf78de/1.157.0/assets/limoniapps-discountninja-app-embed-latest.min.js,UNKOWN
https://www.decortecosmetics.com,getshogun.com,https://cdn.getshogun.com/js-2023-01-13/global-assets-d7d94243591ce7f6ff4e51c004b5cde54aa1839b.js,UNKOWN
https://www.decortecosmetics.com,elfsight.com,https://apps.elfsight.com/p/platform.js,UNKOWN
https://www.decortecosmetics.com,typekit.net,https://use.typekit.net/srh7tvy.js,UNKOWN
https://www.decortecosmetics.com,google.com,https://apis.google.com/js/plusone.js,UNKOWN
https://www.decortecosmetics.com,fbcdn.net,https://static.xx.fbcdn.net/rsrc.php/v3iEpO4/ya/l/en_US/CQzRLFLH-TB.js?_nc_x=Ij3Wp8lg5Kz,UNKOWN
https://www.decortecosmetics.com,attn.tv,https://cdn.attn.tv/tag/4-latest/unified-tag.js?v=4-latest_3b93675d1a,UNKOWN
https://www.decortecosmetics.com,google.com,https://apis.google.com/_/scs/abc-static/_/js/k=gapi.lb.en.AMZ27oQJoUI.O/m=plusone/rt=j/sv=1/d=1/ed=1/rs=AHpOoo9dsXwz2g0gTMdQFEKa7ZoVvtQf4g/cb=gapi.loaded_0?le=scs,UNKOWN
https://www.decortecosmetics.com,google.com,https://apis.google.com/_/scs/abc-static/_/js/k=gapi.lb.en.AMZ27oQJoUI.O/m=auth/exm=plusone/rt=j/sv=1/d=1/ed=1/rs=AHpOoo9dsXwz2g0gTMdQFEKa7ZoVvtQf4g/cb=gapi.loaded_1?le=scs,UNKOWN
https://www.decortecosmetics.com,d3rr3d0n31t48m.cloudfront.net,https://d3rr3d0n31t48m.cloudfront.net/widget/triggerRunner.js?v=647dc15,UNKOWN
https://www.decortecosmetics.com,d3rr3d0n31t48m.cloudfront.net,https://d3rr3d0n31t48m.cloudfront.net/widget/widget.js?v=c5c0b16,UNKOWN
https://www.decortecosmetics.com,pinimg.com,https://s.pinimg.com/ct/lib/main.57992c41.js,UNKOWN
https://www.decortecosmetics.com,gstatic.com,https://ssl.gstatic.com/accounts/o/1832714284-postmessagerelay.js,UNKOWN
https://www.decortecosmetics.com,google.com,"https://apis.google.com/_/scs/abc-static/_/js/k=gapi.lb.en.AMZ27oQJoUI.O/m=rpc,shindig_random/rt=j/sv=1/d=1/ed=1/rs=AHpOoo9dsXwz2g0gTMdQFEKa7ZoVvtQf4g/cb=gapi.loaded_0?le=scs",UNKOWN
https://www.decortecosmetics.com,elfsight.com,https://static.elfsight.com/apps/instashow/release/b3e8edaeedbdd52b9eeeb932326e8de5909497e6/app/instashow.js,UNKOWN
https://www.gunnar.com,klaviyo.com,https://static.klaviyo.com/onsite/js/vendors~signup_forms.a31dd14a1ce62f91235b.js?cb=1,UNKOWN
https://www.gunnar.com,klaviyo.com,https://static.klaviyo.com/onsite/js/signup_forms.d3dcfa145c2fcbd427cb.js?cb=1,UNKOWN
https://www.gunnar.com,shopify.com,https://cdn.shopify.com/shopifycloud/shopify/assets/shopify_pay/storefront-c31d2fa4962d2ef90b673e945ee33f4f87302b97d0882cd8e83a629b84b30dab.js?v=20220906,UNKOWN
https://www.gunnar.com,shopify.com,https://cdn.shopify.com/s/trekkie.storefront.f23242e0bcba6b88e94c243310082bbb178ab50f.min.js,UNKOWN
https://www.gunnar.com,cdn-spurit.com,https://s2.cdn-spurit.com/all-apps/spurit.global-2.x.min.js,UNKOWN
https://www.gunnar.com,shopify.com,https://cdn.shopify.com/shopifycloud/web-pixels-manager/0.0.220/browser.modern.js,UNKOWN
https://www.gunnar.com,cdn-spurit.com,https://s2.cdn-spurit.com/shopify-apps/split-payments/common.js,UNKOWN
https://www.gunnar.com,youtube.com,https://www.youtube.com/embed/HBh5rkD6HtU?enablejsapi=&rel=0&modestbranding=1&autohide=1&showinfo=0&controls=0&mute=1&playlist=HBh5rkD6HtU&autoplay=1&loop=1,UNKOWN
https://www.gunnar.com,youtube.com,https://www.youtube.com/s/player/d405f6b4/www-embed-player.vflset/www-embed-player.js,UNKOWN
https://www.gunnar.com,youtube.com,https://www.youtube.com/s/player/d405f6b4/player_ias.vflset/en_US/base.js,UNKOWN
https://www.gunnar.com,google.com,https://www.google.com/js/th/l0utS0ZcMB5sywH6Z0mm0C8P1QvukKtyleinqbLPbjc.js,UNKOWN
https://www.gunnar.com,klaviyo.com,https://static.klaviyo.com/onsite/js/sharedUtils.80429e339af3fcaca0a2.js?cb=1,UNKOWN
https://www.gunnar.com,shopify.com,https://cdn.shopify.com/s/files/1/0550/4670/1130/t/31/assets/swiper.min.js?v=96818609911622517831652795362,UNKOWN
https://www.tartecosmetics.com,cookielaw.org,https://cdn.cookielaw.org/scripttemplates/otSDKStub.js,UNKOWN
https://www.tartecosmetics.com,yottaa.com,https://cdn.yottaa.com/rapid.min.7.1.2.js?key=rkDwxtyZf9ninQ,UNKOWN
https://www.tartecosmetics.com,yotpo.com,https://cdn-loyalty.yotpo.com/loader/sCe3J74QN_KNmUFx-IMZww.js,UNKOWN
https://www.tartecosmetics.com,klarnaservices.com,https://eu-library.klarnaservices.com/lib.js,UNKOWN
https://www.tartecosmetics.com,payments-amazon.com,https://static-na.payments-amazon.com/OffAmazonPayments/us/js/Widgets.js?sellerId=AW1F9ONJT0NKV,UNKOWN
https://www.tartecosmetics.com,yotpo.com,https://cdn-widgetsrepository.yotpo.com/widget-assets/yotpo-pixel/2022-12-06_09-10-14/bundle.js,UNKOWN
https://www.tartecosmetics.com,cookielaw.org,https://cdn.cookielaw.org/scripttemplates/202208.1.0/otBannerSdk.js,UNKOWN
https://www.tartecosmetics.com,yotpo.com,https://cdn-widget-assets.yotpo.com/widgets-initializer/app.v0.2.0-3926.js,UNKOWN
https://www.eyerim.hr,gstatic.com,https://www.gstatic.com/recaptcha/releases/O4xzMiFqEvA4YhWjk5t8Xuas/recaptcha__hr.js,UNKOWN
https://www.eyerim.hr,productlead.me,https://embed.productlead.me/assets/js/productlead.vendors.js,UNKOWN
https://www.eyerim.hr,productlead.me,https://embed.productlead.me/assets/js/productlead.app.js,UNKOWN
https://www.eyerim.hr,dognet.sk,https://login.dognet.sk/scripts/fj27g82d,UNKOWN
https://www.eyerim.hr,mplat-ppcprotect.com,https://client.prod.mplat-ppcprotect.com/9KCTVI0XRMh61QNYbs4Cee0iJYz9zi1DbeYhnnWs.js,UNKOWN
https://www.narscosmetics.com,shoprunner.com,https://content.shoprunner.com/components/post-robot.8.0.28.ie.min.js,UNKOWN
https://www.narscosmetics.com,shoprunner.com,https://content.shoprunner.com/components/storedDataManager/storedDataManager.min.js,UNKOWN
https://www.narscosmetics.com,shoprunner.com,https://content.shoprunner.com/components/storedDataManager/js.cookie.min.js,UNKOWN
https://www.narscosmetics.com,dynamicyield.com,https://cdn.dynamicyield.com/api/8780540/api_static.js,UNKOWN
https://www.narscosmetics.com,fonts.net,https://fast.fonts.net/jsapi/16333318-a80e-4310-b5dd-3aa595d4fb36.js,UNKOWN
https://www.narscosmetics.com,bazaarvoice.com,https://apps.bazaarvoice.com/deployments/nars/development/production/en_US/bv.js,UNKOWN
https://www.narscosmetics.com,force.com,https://buxomchat.secure.force.com/chatbot/resource/ShiseidoBotScripts,UNKOWN
https://www.narscosmetics.com,force.com,https://service.force.com/embeddedservice/5.0/utils/common.min.js,UNKOWN
https://www.narscosmetics.com,jebbit.com,https://js.jebbit.com/companion/v1/widget.js,UNKOWN
https://www.narscosmetics.com,gstatic.com,https://www.gstatic.com/recaptcha/releases/O4xzMiFqEvA4YhWjk5t8Xuas/recaptcha__en.js,UNKOWN
https://www.narscosmetics.com,dynamicyield.com,https://cdn.dynamicyield.com/scripts/1.156.0/dy-coll-nojq-min.js,UNKOWN
https://www.narscosmetics.com,force.com,https://service.force.com/embeddedservice/5.0/esw.min.js,UNKOWN
https://www.narscosmetics.com,shoprunner.com,https://content.shoprunner.com/NARS.js,UNKOWN
https://www.narscosmetics.com,pinimg.com,https://s.pinimg.com/ct/lib/main.57992c41.js,UNKOWN
https://www.narscosmetics.com,youtube.com,https://www.youtube.com/s/player/d405f6b4/www-widgetapi.vflset/www-widgetapi.js,UNKOWN
https://www.narscosmetics.com,attn.tv,https://cdn.attn.tv/tag/4-latest/unified-tag.js?v=4-latest_3b1f8ef468,UNKOWN
https://www.narscosmetics.com,bambuser.com,https://lcx-embed.bambuser.com/nars/embed.js,UNKOWN
https://www.narscosmetics.com,bazaarvoice.com,https://apps.bazaarvoice.com/apps/inline_ratings/inline_ratings-2.3.3.js,UNKOWN
https://www.narscosmetics.com,force.com,https://service.force.com/embeddedservice/5.0/eswFrame.min.js,UNKOWN
https://www.narscosmetics.com,force.com,https://service.force.com/embeddedservice/5.0/frame/broadcast.esw.min.js,UNKOWN
https://www.narscosmetics.com,force.com,https://service.force.com/embeddedservice/5.0/frame/session.esw.min.js,UNKOWN
https://www.narscosmetics.com,force.com,https://service.force.com/embeddedservice/5.0/client/liveagent.esw.min.js,UNKOWN
https://www.narscosmetics.com,force.com,https://service.force.com/embeddedservice/5.0/client/invite.esw.min.js,UNKOWN
https://www.designerglasses.co.uk,elfsight.com,https://apps.elfsight.com/p/platform.js,UNKOWN
https://www.designerglasses.co.uk,paypalobjects.com,https://www.paypalobjects.com/muse/muse.js,UNKOWN
https://www.ardellshop.com,d1euuz7gg83mui.cloudfront.net,https://d1euuz7gg83mui.cloudfront.net/static/version1675679867/frontend/Codazon/fastest_ardell/en_US/requirejs/require.js,UNKOWN
https://www.ardellshop.com,d1euuz7gg83mui.cloudfront.net,https://d1euuz7gg83mui.cloudfront.net/static/version1675679867/frontend/Codazon/fastest_ardell/en_US/bundles/shared.js,UNKOWN
https://www.ardellshop.com,d1euuz7gg83mui.cloudfront.net,https://d1euuz7gg83mui.cloudfront.net/static/version1675679867/frontend/Codazon/fastest_ardell/en_US/requirejs-config.js,UNKOWN
https://www.ardellshop.com,d1euuz7gg83mui.cloudfront.net,https://d1euuz7gg83mui.cloudfront.net/static/version1675679867/frontend/Codazon/fastest_ardell/en_US/Anowave_Ec/js/ec.js,UNKOWN
https://www.ardellshop.com,bazaarvoice.com,https://apps.bazaarvoice.com/deployments/aii/main_site/production/en_US/bv.js,UNKOWN
https://www.ardellshop.com,klaviyo.com,https://static.klaviyo.com/onsite/js/vendors~signup_forms.a31dd14a1ce62f91235b.js?cb=1,UNKOWN
https://www.ardellshop.com,klaviyo.com,https://static.klaviyo.com/onsite/js/signup_forms.d3dcfa145c2fcbd427cb.js?cb=1,UNKOWN
https://www.ardellshop.com,d1euuz7gg83mui.cloudfront.net,https://d1euuz7gg83mui.cloudfront.net/static/version1675679867/frontend/Codazon/fastest_ardell/en_US/Jajuma_ImageOptimizerUltimate/js/lib/lazysizes.min.js,UNKOWN
https://www.ardellshop.com,klaviyo.com,https://static.klaviyo.com/onsite/js/sharedUtils.80429e339af3fcaca0a2.js?cb=1,UNKOWN
https://www.ardellshop.com,bazaarvoice.com,https://apps.bazaarvoice.com/analytics/bv-analytics.js,UNKOWN
https://www.vogue-eyewear.com,pinimg.com,https://s.pinimg.com/ct/lib/main.57992c41.js,UNKOWN
https://www.vogue-eyewear.com,tiqcdn.com,https://tags.tiqcdn.com/utag/luxottica/vogue/prod/utag.js?v=20230203082019115?v=5619433232970246,UNKOWN
https://www.janeiredale.com,personalizer.io,https://edge.personalizer.io/storefront/2.0.0/js/shopify/storefront.min.js?key=eyqgb-qo1sw1b7hu0xl0mi5k-b5axi&shop=iredale-cosmetics.myshopify.com,UNKOWN
https://www.janeiredale.com,shopify.com,https://cdn.shopify.com/shopifycloud/shopify/assets/shopify_pay/storefront-c31d2fa4962d2ef90b673e945ee33f4f87302b97d0882cd8e83a629b84b30dab.js?v=20220906,UNKOWN
https://www.janeiredale.com,shopify.com,https://cdn.shopify.com/s/files/1/0338/3882/5612/t/575/assets/vendors.js?v=141905051156997102291676047590,UNKOWN
https://www.janeiredale.com,yotpo.com,https://staticw2.yotpo.com/3OdsfNwMCAGqNwAEWplCFvLr5YNpgui7DlHHAoqm/widget.js,UNKOWN
https://www.janeiredale.com,personalizer.io,https://edge.personalizer.io/storefront/shopify/main.f92b6be8f6d7c813b340.js?key=eyqgb-qo1sw1b7hu0xl0mi5k-b5axi&shop=iredale-cosmetics.myshopify.com,UNKOWN
https://www.janeiredale.com,shopify.com,https://cdn.shopify.com/shopifycloud/web-pixels-manager/0.0.220/browser.modern.js,UNKOWN
https://www.janeiredale.com,shopify.com,https://cdn.shopify.com/s/trekkie.storefront.f23242e0bcba6b88e94c243310082bbb178ab50f.min.js,UNKOWN
https://www.janeiredale.com,getelevar.com,https://shopify-gtm-suite.getelevar.com/shops/c8206ae778a66915090fddb5656bd40b42d74c58/2.21.2/gtm-suite.js,UNKOWN
https://www.janeiredale.com,yotpo.com,https://cdn-widgetsrepository.yotpo.com/widget-assets/yotpo-pixel/2022-12-06_09-10-14/bundle.js,UNKOWN
https://www.janeiredale.com,yotpo.com,https://cdn-widget-assets.yotpo.com/widgets-initializer/app.v0.2.0-3926.js,UNKOWN
https://www.janeiredale.com,gorgias.chat,https://config.gorgias.chat/gorgias-chat-bundle.js?rev=b4e998cc&applicationId=1396,UNKOWN
https://www.janeiredale.com,personalizer.io,https://edge.personalizer.io/9252.f92b6be8f6d7c813b340.js,UNKOWN
https://www.janeiredale.com,gorgias.chat,https://assets.gorgias.chat/65d0eb418ab9bfd76eb916fe81f1663c08b5a451/static/js/amplitude.js,UNKOWN
https://www.janeiredale.com,personalizer.io,https://edge.personalizer.io/storefront/channel/core.f92b6be8f6d7c813b340.js,UNKOWN
https://www.janeiredale.com,yotpo.com,https://cdn-loyalty.yotpo.com/loader/-KdW-o_eKeP4O37LMDedlA.js?shop=iredale-cosmetics.myshopify.com,UNKOWN
https://www.janeiredale.com,rechargecdn.com,https://static.rechargecdn.com/assets/js/widget.min.js?shop=iredale-cosmetics.myshopify.com,UNKOWN
https://www.janeiredale.com,spicegems.org,https://thunder.spicegems.org/0/js/scripttags/iredale-cosmetics/country_redirect_df5bb09ad42d6ec6cccb5d7e6e9332db.min.js?v=30&shop=iredale-cosmetics.myshopify.com,UNKOWN
https://www.janeiredale.com,yotpo.com,https://cdn-swell-assets.yotpo.com/app.v1.0.367.js,UNKOWN
https://www.janeiredale.com,pickzen.com,https://cdn-us.pickzen.com/common/loader-3.2.3.min.js,UNKOWN
https://www.janeiredale.com,attn.tv,https://cdn.attn.tv/tag/4-latest/unified-tag.js?v=4-latest_263507365a,UNKOWN
https://www.janeiredale.com,kxcdn.com,https://searchanise-ef84.kxcdn.com/widgets.12577.min.js,UNKOWN
https://www.janeiredale.com,zotabox.com,https://static.zotabox.com/__dfyls/asset/bundle.js,UNKOWN
https://www.bulgari.com,cookielaw.org,https://cdn.cookielaw.org/scripttemplates/otSDKStub.js,UNKOWN
https://www.bulgari.com,dynamicyield.com,https://cdn-eu.dynamicyield.com/api/9877841/api_static.js,UNKOWN
https://www.bulgari.com,gstatic.com,https://www.gstatic.com/recaptcha/releases/O4xzMiFqEvA4YhWjk5t8Xuas/recaptcha__en.js,UNKOWN
https://www.bulgari.com,dynamicyield.com,https://cdn-eu.dynamicyield.com/scripts/1.156.0/dy-coll-nojq-min.js,UNKOWN
https://www.bulgari.com,cookielaw.org,https://cdn.cookielaw.org/scripttemplates/202212.1.0/otBannerSdk.js,UNKOWN
https://www.kits.ca,fbot.me,https://static.fbot.me/friendbuy.js,UNKOWN
https://www.kits.ca,unpkg.com,https://unpkg.com/swiper/swiper-bundle.min.js,UNKOWN
https://www.kits.ca,kustomerapp.com,https://cdn.kustomerapp.com/chat-web/release-v0.1.344/widget-api.98e821d60b74dd4c4127.js,UNKOWN
https://www.kits.ca,kustomerapp.com,https://cdn.kustomerapp.com/chat-web/release-v0.1.344/widget-main.83945c264795bd643036.js,UNKOWN
https://www.kits.ca,kustomerapp.com,https://cdn.kustomerapp.com/chat-web/release-v0.1.344/core-api.95625945b62d7f5bde75.js,UNKOWN
https://www.kits.ca,kustomerapp.com,https://cdn.kustomerapp.com/chat-web/release-v0.1.344/core-main.ac55efbde97d5e251d5f.js,UNKOWN
https://www.kits.ca,thepointyspritesclub.com,https://hat.thepointyspritesclub.com/i/adf99b3e98a88d3a84c129feae28d88a.js,UNKOWN
https://www.kits.ca,d3htn85c6cao65.cloudfront.net,https://d3htn85c6cao65.cloudfront.net/libraries/connect-sdk/connect_tracker_v102.js,UNKOWN
https://www.kits.ca,attn.tv,https://cdn.attn.tv/attn.js?v=4-latest_236eecc1fb,UNKOWN
https://www.kits.ca,attn.tv,https://cdn.attn.tv/tag/4-latest/tag.js?v=4-latest_236eecc1fb,UNKOWN
https://www.jins.com,shopify.com,https://cdn.shopify.com/s/trekkie.storefront.f23242e0bcba6b88e94c243310082bbb178ab50f.min.js,UNKOWN
https://www.jins.com,shopify.com,https://cdn.shopify.com/shopifycloud/web-pixels-manager/0.0.220/browser.modern.js,UNKOWN
https://www.jins.com,shopify.com,https://cdn.shopify.com/shopifycloud/shopify/assets/shopify_pay/storefront-c31d2fa4962d2ef90b673e945ee33f4f87302b97d0882cd8e83a629b84b30dab.js?v=20220906,UNKOWN
https://www.jins.com,shopify.com,https://cdn.shopify.com/s/files/1/0562/8903/4283/t/240/assets/vendor.min.js?v=70833232815838266791676036868,UNKOWN
https://www.jins.com,shopify.com,https://cdn.shopify.com/s/files/1/0562/8903/4283/t/240/assets/global.js?v=144940314334413419691676036868,UNKOWN
https://www.jins.com,yotpo.com,https://staticw2.yotpo.com/mlTfidScTEXnwHewSgguaPV1eICrI8CN8d05Ly31/widget.js,UNKOWN
https://www.jins.com,shopify.com,https://cdn.shopify.com/s/files/1/0562/8903/4283/t/240/assets/theme.js?v=37707310752110904071676036868,UNKOWN
https://www.jins.com,accessibly.app,https://cdn.accessibly.app/accessibility-widget-v2.min.js,UNKOWN
https://www.jins.com,yotpo.com,https://cdn-swell-assets.yotpo.com/app.v1.0.367.js,UNKOWN
https://www.jins.com,azureedge.net,https://swymv3pro-01.azureedge.net/code/v3/apps.bundle.js?v=3.6.3,UNKOWN
https://www.jins.com,zdassets.com,https://static.zdassets.com/web_widget/latest/web-widget-framework-8c45d598650b92391c71.js,UNKOWN
https://www.armani.com,xgen.dev,https://assets.xgen.dev/js/rnvk0z2ymu3r4gmt2gjhr7jhg3g8nep7/headIntegration.js,UNKOWN
https://www.armani.com,livestory.io,https://assets.livestory.io/v1/js/ssr.min.js,UNKOWN
https://www.smartbuyglasses.com,cdnsbg.com,https://image1.cdnsbg.com/desktop/en/minjs/js-desktop-jquery-v360-5efd551e9f.js?func=proxy&process=minify-js,UNKOWN
https://www.smartbuyglasses.com,cdnsbg.com,https://image1.cdnsbg.com/desktop/en/minjs/js-desktop-layouts-v2-999b2b1cf1.js?func=proxy&process=minify-js,UNKOWN
https://www.smartbuyglasses.com,cdnsbg.com,https://image1.cdnsbg.com/desktop/en/minjs/js-autoComplete-2bad72c440.js?func=proxy&process=minify-js,UNKOWN
https://www.prada.com,gstatic.com,https://www.gstatic.com/recaptcha/releases/O4xzMiFqEvA4YhWjk5t8Xuas/recaptcha__en.js,UNKOWN
https://www.afflelou.com,vimeo.com,https://player.vimeo.com/video/735837095?h=23419711b0&dnt=1,UNKOWN
https://www.afflelou.com,vimeocdn.com,https://f.vimeocdn.com/p/4.21.1/js/vendor.module.js,UNKOWN
https://www.afflelou.com,vimeocdn.com,https://f.vimeocdn.com/p/4.21.1/js/player.module.js,UNKOWN
https://www.afflelou.com,gstatic.com,https://www.gstatic.com/recaptcha/releases/O4xzMiFqEvA4YhWjk5t8Xuas/recaptcha__en.js,UNKOWN
https://www.afflelou.com,doofinder.com,https://cdn.doofinder.com/media/js/doofinder-classic.7.latest.min.js,UNKOWN
https://www.sallyhansen.com,cookielaw.org,https://cdn.cookielaw.org/scripttemplates/otSDKStub.js,UNKOWN
https://www.sallyhansen.com,bazaarvoice.com,https://apps.bazaarvoice.com/analytics/bv-analytics.js,UNKOWN
https://www.sallyhansen.com,cookielaw.org,https://cdn.cookielaw.org/scripttemplates/6.34.0/otBannerSdk.js,UNKOWN
https://www.fittingbox.com,hsappstatic.net,https://static.hsappstatic.net/head-dlb/static-1.256/bundle.production.js,UNKOWN
https://www.fittingbox.com,hsappstatic.net,https://static.hsappstatic.net/video-player-ui/static-1.7857/bundles/project.js,UNKOWN
https://www.fittingbox.com,hsappstatic.net,https://static.hsappstatic.net/hubspot-dlb/static-1.352/bundle.production.js,UNKOWN
https://www.fittingbox.com,hsappstatic.net,https://static.hsappstatic.net/video-embed/ex/loader.js,UNKOWN
https://www.fittingbox.com,hscollectedforms.net,https://js.hscollectedforms.net/collectedforms.js,UNKOWN
https://www.fittingbox.com,usemessages.com,https://js.usemessages.com/conversations-embed.js,UNKOWN
https://www.fittingbox.com,hsappstatic.net,https://static.hsappstatic.net/head-dlb/static-1.261/bundle.production.js,UNKOWN
https://www.fittingbox.com,hsappstatic.net,https://static.hsappstatic.net/conversations-visitor-ui/static-1.14640/bundles/visitor.js,UNKOWN
https://www.coffretdor-makeup.jp,cookielaw.org,https://cdn.cookielaw.org/scripttemplates/otSDKStub.js,UNKOWN
https://www.coffretdor-makeup.jp,perfectcorp.com,https://plugins-media.perfectcorp.com/c12891/sdk.js?apiKey=0lBwTsfM8PrVdievLGnfA==,UNKOWN
https://www.coffretdor-makeup.jp,cookielaw.org,https://cdn.cookielaw.org/scripttemplates/6.38.0/otBannerSdk.js,UNKOWN
https://www.coffretdor-makeup.jp,facebook.net,https://connect.facebook.net/en_US/sdk.js?hash=148ed437b5b22a1a7350592c6abfb479,UNKOWN
https://www.coffretdor-makeup.jp,makeupar.com,https://plugins-media.makeupar.com/c12891/2204250210/ModuleView-9ef3a73ed2a538bcaeee.bundle.js,UNKOWN
https://www.coffretdor-makeup.jp,makeupar.com,https://plugins-media.makeupar.com/c12891/2204250210/Module-06a7c4cdd40d6ca34684.bundle.js,UNKOWN
https://www.coffretdor-makeup.jp,makeupar.com,https://plugins-media.makeupar.com/c12891/2204250210/result-edb023a9cb6a3a7de76b.bundle.js,UNKOWN
https://www.zennioptical.com,paypal.com,https://www.paypal.com/sdk/js?client-id=AShqq_uustWheQviOGCX3bPHWWARteDgtA4XOICE0nyWEISDpkQg4vbicdUtMkx5naA9VaO5ZRL-6Jyb&components=messages,UNKOWN
https://www.zennioptical.com,d26opx5dl8t69i.cloudfront.net,https://d26opx5dl8t69i.cloudfront.net/js/reflektion.js,UNKOWN
https://www.zennioptical.com,cookielaw.org,https://cdn.cookielaw.org/scripttemplates/otSDKStub.js,UNKOWN
https://www.zennioptical.com,jst.ai,https://cdn.jst.ai/vck.js,UNKOWN
https://www.zennioptical.com,screenmeet.com,https://cobrowse.screenmeet.com/CobrowseBootstrap.js,UNKOWN
https://www.zennioptical.com,pinimg.com,https://s.pinimg.com/ct/lib/main.57992c41.js,UNKOWN
https://www.zennioptical.com,gladly.com,https://cdn.gladly.com/chat-sdk/widget.js?q=1676477145157,UNKOWN
https://www.zennioptical.com,gladly.com,https://cdn.gladly.com/assets/chat-sdk/apiBootstrap~78a59014ec53511193d0.js,UNKOWN
https://www.maccosmetics.ca,powerreviews.com,https://ui.powerreviews.com/stable/4.1/ui.js,UNKOWN
https://www.maccosmetics.ca,youtube.com,https://www.youtube.com/s/player/d405f6b4/www-widgetapi.vflset/www-widgetapi.js,UNKOWN
https://www.transitions.com,maps.googleapis.com,https://maps.googleapis.com/maps/api/js?key=AIzaSyBenKVvgu6Fg5XXJeF4Uuol4iObLgDs8MU&callback=googleMapsCallback&libraries=places,UNKOWN
https://www.transitions.com,futemarketing.ca,https://futemarketing.ca/js/optimisation/of_5fc66ef0717aa,UNKOWN
https://www.transitions.com,pinimg.com,https://s.pinimg.com/ct/lib/main.57992c41.js,UNKOWN
https://www.transitions.com,maps.googleapis.com,https://maps.googleapis.com/maps-api-v3/api/js/51/8/common.js,UNKOWN
https://www.transitions.com,maps.googleapis.com,https://maps.googleapis.com/maps-api-v3/api/js/51/8/util.js,UNKOWN
https://www.eyeglassworld.com,cookielaw.org,https://cdn.cookielaw.org/scripttemplates/otSDKStub.js,UNKOWN
https://www.eyeglassworld.com,cookielaw.org,https://cdn.cookielaw.org/scripttemplates/6.36.0/otBannerSdk.js,UNKOWN
https://www.madison-reed.com,cookielaw.org,https://cdn.cookielaw.org/scripttemplates/otSDKStub.js,UNKOWN
https://www.madison-reed.com,d3ewrnwdcmri66.cloudfront.net,https://d3ewrnwdcmri66.cloudfront.net/website/src/public/scripts/vueBundle/ssr-vendors.bundle-aa2735edb80523b3952b.js,UNKOWN
https://www.madison-reed.com,d3ewrnwdcmri66.cloudfront.net,https://d3ewrnwdcmri66.cloudfront.net/website/src/public/scripts/vueBundle/ssr-main.bundle-d822571e48d2cb651b6d.js,UNKOWN
https://www.madison-reed.com,facebook.net,https://connect.facebook.net/en_US/sdk.js?hash=148ed437b5b22a1a7350592c6abfb479,UNKOWN
https://www.madison-reed.com,gladly.com,https://cdn.gladly.com/chat-sdk/widget.js?q=1676476755706,UNKOWN
https://www.madison-reed.com,cookielaw.org,https://cdn.cookielaw.org/scripttemplates/6.23.0/otBannerSdk.js,UNKOWN
https://www.madison-reed.com,userway.org,https://cdn.userway.org/widget.js,UNKOWN
https://www.madison-reed.com,pinimg.com,https://s.pinimg.com/ct/lib/main.57992c41.js,UNKOWN
https://www.madison-reed.com,userway.org,https://cdn.userway.org/widgetapp/2023-02-15/widget_app_base_1676462187980.js,UNKOWN
https://www.madison-reed.com,gladly.com,https://cdn.gladly.com/assets/chat-sdk/apiBootstrap~78a59014ec53511193d0.js,UNKOWN
https://www.madison-reed.com,chtbl.com,https://ext.chtbl.com/trackable.js,UNKOWN
https://www.madison-reed.com,userway.org,https://cdn.userway.org/widgetapp/2023-02-15/contrast-remediation/remediation_1676462187980.js,UNKOWN
https://www.sunski.com,ditto.com,https://bsdk.api.ditto.com/default/5.2.0/en-us/api.js,UNKOWN
https://www.sunski.com,shopify.com,https://cdn.shopify.com/shopifycloud/shopify/assets/shopify_pay/storefront-c31d2fa4962d2ef90b673e945ee33f4f87302b97d0882cd8e83a629b84b30dab.js?v=20220906,UNKOWN
https://www.sunski.com,shopify.com,https://cdn.shopify.com/s/trekkie.storefront.f23242e0bcba6b88e94c243310082bbb178ab50f.min.js,UNKOWN
https://www.sunski.com,shopify.com,https://cdn.shopify.com/shopifycloud/web-pixels-manager/0.0.220/browser.modern.js,UNKOWN
https://www.sunski.com,shopify.com,https://cdn.shopify.com/s/files/1/0797/7371/t/19/assets/swiper-bundle-8.esm.browser.min.mjs?v=168887176555910483891668851011,UNKOWN
https://www.sunski.com,bazaarvoice.com,https://apps.bazaarvoice.com/analytics/bv-analytics.js,UNKOWN
https://www.sunski.com,postscript.io,https://sdk.postscript.io/sdk.bundle.js?shopId=196995,UNKOWN
