id,visit_id,site_url,expiry,host,name,value
6392,93085718261075,https://www.persol.com,2023-08-14T16:08:54.000Z,.demdex.net,demdex,85241990119379604550625797295490450677
6418,93085718261075,https://www.persol.com,2023-08-14T16:08:56.000Z,.demdex.net,dextp,121998-1-1676477336441
6413,93085718261075,https://www.persol.com,2023-08-14T16:08:56.000Z,.dpm.demdex.net,dpm,85241990119379604550625797295490450677
6438,93085718261075,https://www.persol.com,9999-12-31T21:59:59.000Z,.dynatrace.com,dtCookie,v_4_srv_4_sn_0ABB5954E66E126469EF0D3AC9CF4F9A_perc_100000_ol_0_mul_1_app-3Aea7c4b59f27d43eb_1
6404,93085718261075,https://www.persol.com,2023-03-18T16:08:55.000Z,.everesttech.net,ev_sync_dd,20230215
461,232613013306348,https://www.baume-et-mercier.com,2024-02-15T15:50:47.000Z,.linkedin.com,bcookie,"""v=2&f11f94a7-62f7-480a-84da-7796842c8b96"""
460,232613013306348,https://www.baume-et-mercier.com,2023-05-16T15:50:48.000Z,.linkedin.com,li_sugr,7f184207-c17b-40b4-81b4-c8ca1fbf4ff5
462,232613013306348,https://www.baume-et-mercier.com,2023-02-16T15:50:47.000Z,.linkedin.com,lidc,"""b=TGST09:s=T:r=T:a=T:p=T:g=2460:u=1:x=1:i=1676476247:t=1676562647:v=2:sig=AQGAc_frS0v7GDSwx76PWGA2anTt9H_d"""
450,232613013306348,https://www.baume-et-mercier.com,2023-02-15T16:05:39.000Z,.doubleclick.net,test_cookie,CheckForPermission
1210,275229411611567,https://www.esteelauder.ca,2023-02-15T16:23:50.000Z,.fonts.net,__cf_bm,h0ugdkfo.yjcT_txE2mDqaGvEgN7DxumkQyPcuqeQns-1676476430-0-AVv/2yEgQsjsj3Sf8No7/o6DY5tlhvpTnY2v5Z9ZnSWGWNZHARnuUu/M5jMcH5C+PPldpSFyqG/c9lY7RimeBys=
865,547005848739153,https://www.urbandecay.com,2023-02-15T16:51:53.000Z,.igodigital.com,igodigitalst_7299503,aaa2d17e-ad48-11ed-b1d8-868826fc4fe5
867,547005848739153,https://www.urbandecay.com,2023-02-15T16:51:53.000Z,.igodigital.com,igodigitalstdomain,32829
864,547005848739153,https://www.urbandecay.com,2033-02-15T15:51:53.000Z,.igodigital.com,igodigitaltc2,9e7a1fc4-ad48-11ed-ba25-52e93796067a
852,547005848739153,https://www.urbandecay.com,2024-03-16T15:51:49.000Z,.cquotient.com,uuid,abGol6G0EAGzmB8fw0bz4Y0VMc
514,690707769616691,https://www.elfcosmetics.com,2024-02-15T21:51:01.000Z,.yahoo.com,A3,d=AQABBGL_7GMCEKTyZCE-gxNEJL_vRGGm8dgFEgEBAQFQ7mP2YwAAAAAA_eMAAA&S=AQAAAlYo2o8W4_I2UkA11uPoDeg
520,690707769616691,https://www.elfcosmetics.com,2024-02-15T21:51:01.000Z,.yahoo.com,B,9c7755thupvr2&b=3&s=mo
528,690707769616691,https://www.elfcosmetics.com,2023-03-15T15:50:59.000Z,.adform.net,C,1
565,690707769616691,https://www.elfcosmetics.com,2024-02-15T15:51:03.000Z,.casalemedia.com,CMID,Y.z-ZUgcL5FUVhaHyIK9LQAA
567,690707769616691,https://www.elfcosmetics.com,2023-05-16T15:51:03.000Z,.casalemedia.com,CMPRO,1303
566,690707769616691,https://www.elfcosmetics.com,2023-05-16T15:51:03.000Z,.casalemedia.com,CMPS,1303
126,690707769616691,https://www.elfcosmetics.com,2024-02-15T15:50:11.000Z,.dynamicyield.com,DYID,-6408622027553571021
558,690707769616691,https://www.elfcosmetics.com,2023-06-15T15:51:02.000Z,.exelator.com,EE,"""4298fd2b0ba49a3b2877840a99aed21e"""
521,690707769616691,https://www.elfcosmetics.com,2024-02-15T21:51:01.000Z,.yahoo.com,GUC,AQEBAQFj7lBj9kIbuwRQ
627,690707769616691,https://www.elfcosmetics.com,2025-02-14T15:51:12.000Z,.doubleclick.net,IDE,AHWqTUl0sGHqL4ccHqU929XFYYeCFAaQDH9RK-C7OvH99UhmJxItZScvP0VENQg98VU
613,690707769616691,https://www.elfcosmetics.com,2024-02-15T15:51:14.000Z,.analytics.yahoo.com,IDSYNC,195g~2a0f
635,690707769616691,https://www.elfcosmetics.com,2024-02-15T15:51:14.000Z,.pubmatic.com,KADUSERCOOKIE,A164B1B1-341D-45AF-B955-650B4953422E
550,690707769616691,https://www.elfcosmetics.com,2023-05-16T15:51:00.000Z,.pubmatic.com,KRTBCOOKIE_290,23219-HsvMm0A5S6eR6dV-oyX5ow&KRTB&23261-HsvMm0A5S6eR6dV-oyX5ow
562,690707769616691,https://www.elfcosmetics.com,2023-02-16T15:51:02.000Z,.pubmatic.com,KTPCACOOKIE,YES
810,690707769616691,https://www.elfcosmetics.com,2023-02-22T15:51:32.000Z,.bat.bing.com,MR,0
809,690707769616691,https://www.elfcosmetics.com,2024-03-11T15:51:32.000Z,.bing.com,MUID,1703EC0A44C06EFF23D4FEB345FB6F6B
551,690707769616691,https://www.elfcosmetics.com,2023-03-17T15:51:00.000Z,.pubmatic.com,PugT,1676476260
542,690707769616691,https://www.elfcosmetics.com,2024-02-15T15:50:59.000Z,.semasio.net,SEUNCY,78BE59FF3924B631
577,690707769616691,https://www.elfcosmetics.com,2024-02-15T15:51:02.000Z,.adsrvr.org,TDCPM,CAESFgoHcnViaWNvbhILCOy2h5DP3cc7EAUYBSgBMgsI7K6KveXdxzsQBUIPIg0IARIJCgV0aWVyMhABWgczZnRmbmgzYAFyB3J1Ymljb24.
576,690707769616691,https://www.elfcosmetics.com,2024-02-15T15:51:02.000Z,.adsrvr.org,TDID,f07a6338-97f2-4bf0-b83a-9caad440c39f
509,690707769616691,https://www.elfcosmetics.com,2024-03-15T15:50:58.000Z,.smartadserver.com,TestIfCookieP,ok
531,690707769616691,https://www.elfcosmetics.com,2023-03-17T15:50:59.000Z,.ads.stickyadstv.com,UID,61c46610be9dfa2b37808152b6f6288
538,690707769616691,https://www.elfcosmetics.com,2025-02-04T15:51:01.000Z,.scorecardresearch.com,UID,1F3c0d6cc9664f77d2774c31676476259
711,690707769616691,https://www.elfcosmetics.com,2024-02-15T15:51:24.000Z,.undertone.com,UTID,1c575e16f6934409843791e0910a6628
712,690707769616691,https://www.elfcosmetics.com,2024-02-15T15:51:24.000Z,.undertone.com,UTID_ENC,1oeit7xrn3aw8lxvs1a4f3ju0
747,690707769616691,https://www.elfcosmetics.com,2023-02-16T15:51:30.000Z,sc-static.net,X-AB,0d6e407936704bd380072f5891d28b0e
755,690707769616691,https://www.elfcosmetics.com,2023-02-15T16:21:29.000Z,.afterpay.com,__cf_bm,ldTh0CxKljAoTUHlx5fCHvPKWopfceCYDJ2T7ct6nMk-1676476289-0-ASB3S7TQ+OWaEoNz/QM7LV5MHvpWZEO4TxUBFAFmudkunIH4drnmO08c8I3bqrpoMmcaMd0AFI6c2ohzCRL75nJH9LIiPec713vChmw7XmGi
522,690707769616691,https://www.elfcosmetics.com,2023-08-14T15:51:01.000Z,.krxd.net,_kuid_,PYZwtj-P
752,690707769616691,https://www.elfcosmetics.com,2024-03-11T15:51:30.000Z,.tiktok.com,_ttp,2LmVYCSyOXjTenpvlonluutFgoN
500,690707769616691,https://www.elfcosmetics.com,2024-02-15T15:50:56.000Z,.agkn.com,ab,0001%3AUoUnKcYT6F7VhsTURzsxIqSPw0rTU%2FAj
334,690707769616691,https://www.elfcosmetics.com,2023-10-01T15:50:18.000Z,.amazon-adsystem.com,ad-id,A8JZVYflGU9YlHxcEhdkMfs|t
340,690707769616691,https://www.elfcosmetics.com,2028-04-01T15:50:18.000Z,.amazon-adsystem.com,ad-privacy,0
582,690707769616691,https://www.elfcosmetics.com,2023-05-16T15:51:04.000Z,.adnxs.com,anj,dTM7k!M4/8CxrEQF']wIg2E?cs.4wn!]tbP6j2F-XstGt!@E2O%+DT%
534,690707769616691,https://www.elfcosmetics.com,2023-03-15T15:50:59.000Z,.spotxchange.com,audience,8ab5cda6-ad48-11ed-85f0-1b7403f70503
530,690707769616691,https://www.elfcosmetics.com,2024-02-15T15:51:01.000Z,.rubiconproject.com,audit,1|eL/2FlUe451YmzCcHpCtT4MOQtgOFTOzKzz5hvcDQoAo322rGvCOTb6+7XQPsIFu70VshTVzXadCbuL7wqM7W1b7+lYqTGSeQS7q4WQ6vbWodncBFOdpADMm6n6N3C/wrPwihPFLGxZ/pOe1CWJEfoSn0+I4giw+qF7VFZLzNs+yqVI1k5poNA==
486,690707769616691,https://www.elfcosmetics.com,2024-03-16T10:50:54.000Z,.bidr.io,bito,AAC0xk7H2f8AAD7ps25mrA
487,690707769616691,https://www.elfcosmetics.com,2024-03-16T10:50:54.000Z,.bidr.io,bitoIsSecure,ok
505,690707769616691,https://www.elfcosmetics.com,2023-08-15T15:50:56.000Z,.bluekai.com,bkpa,KJy9RQY5d02pSUHknp1tmexywlJkjsk0wVC65cOpJEBOJEJsJEJsz08CqVabqtT+RVHpKUB6jV6rRt2+JEJsjVB+10DpHZPTJEBWRZhNjV+CSu8Mqt6k1MjojYDpHYD0Ba2YuN2PPDkW9y9ZOH2a
504,690707769616691,https://www.elfcosmetics.com,2023-08-15T15:50:56.000Z,.bluekai.com,bku,b/X99sedfsBWIwWk
512,690707769616691,https://www.elfcosmetics.com,2024-02-15T15:50:58.000Z,.bidswitch.net,c,1676476258
516,690707769616691,https://www.elfcosmetics.com,2025-02-14T15:50:58.000Z,.myvisualiq.net,c,1676476258
335,690707769616691,https://www.elfcosmetics.com,2024-02-15T15:50:18.000Z,.pointmediatracker.com,c,b53a3331-bcc9-4c34-b805-89563b3ffacc
485,690707769616691,https://www.elfcosmetics.com,2023-02-15T16:00:50.000Z,.bidr.io,checkForPermission,ok
510,690707769616691,https://www.elfcosmetics.com,2024-02-15T15:50:58.000Z,.smartadserver.com,csync,144:rHBx2foATcuUhJckmnxitA
527,690707769616691,https://www.elfcosmetics.com,2023-08-14T15:51:01.000Z,.demdex.net,demdex,85241990119379604550625797295490450677
622,690707769616691,https://www.elfcosmetics.com,2023-08-14T15:51:14.000Z,.dpm.demdex.net,dpm,85241990119379604550625797295490450677
539,690707769616691,https://www.elfcosmetics.com,2024-02-15T15:51:01.000Z,.openx.net,i,5ea83cd8-5baf-458a-b319-986eb03918ab|1676476259
824,690707769616691,https://www.elfcosmetics.com,2024-02-15T15:51:34.000Z,.linksynergy.com,icts,2023-02-15T15:51:34Z
524,690707769616691,https://www.elfcosmetics.com,2024-03-16T15:50:59.000Z,.mookie1.com,id,10595140342278865951
812,690707769616691,https://www.elfcosmetics.com,2023-02-15T16:51:32.000Z,.igodigital.com,igodigitalst_100001958,9e7a2604-ad48-11ed-ba25-52e93796067a
813,690707769616691,https://www.elfcosmetics.com,2023-02-15T16:51:32.000Z,.igodigital.com,igodigitalstdomain,35942
811,690707769616691,https://www.elfcosmetics.com,2033-02-15T15:51:32.000Z,.igodigital.com,igodigitaltc2,9e7a1fc4-ad48-11ed-ba25-52e93796067a
529,690707769616691,https://www.elfcosmetics.com,2024-02-15T15:51:01.000Z,.rubiconproject.com,khaos,LE5UOGM7-3-9N3
525,690707769616691,https://www.elfcosmetics.com,2024-03-16T15:50:59.000Z,.mookie1.com,mdata,1|10595140342278865951|1676476259179
794,690707769616691,https://www.elfcosmetics.com,2025-02-14T15:51:32.000Z,.t.co,muc_ads,7780fa55-a9e4-465d-9fe2-a60108239606
553,690707769616691,https://www.elfcosmetics.com,2023-08-14T15:51:00.000Z,.ninthdecimal.com,ndat,LU+s6GPs/2SqbEc5HdRDAg==
526,690707769616691,https://www.elfcosmetics.com,2024-03-16T15:50:59.000Z,.mookie1.com,ov,ad0ab5d36d19b0201e4e81138ec4b477
795,690707769616691,https://www.elfcosmetics.com,2025-02-14T15:51:32.000Z,.twitter.com,personalization_id,"""v1_NhZQDMsXoeRBIH8aDg1XTQ=="""
508,690707769616691,https://www.elfcosmetics.com,2024-03-15T15:50:58.000Z,.smartadserver.com,pid,8324103132142753403
549,690707769616691,https://www.elfcosmetics.com,2025-02-14T15:51:00.000Z,.ispot.tv,pt,v2:dd6eaaf2533ac06f58693a4cbcedb77f4d618daceef422ba77bd4c7a0563e5ea|1dd417e4f03f74ec710ff42f3d0b7285c1c34dea1f8aa11aedcdc54bcd3f8f36
535,690707769616691,https://www.elfcosmetics.com,9999-12-31T21:59:59.000Z,bs.serving-sys.com,r1,1676476259_1
823,690707769616691,https://www.elfcosmetics.com,2024-02-15T15:51:34.000Z,.linksynergy.com,rmuid,8b449ec8-bfb8-4a00-9592-4f0d02357531
523,690707769616691,https://www.elfcosmetics.com,2024-03-15T15:50:59.000Z,ads.samba.tv,sambapxid,10c2ab05beb2c36e9
818,690707769616691,https://www.elfcosmetics.com,2024-03-11T15:51:33.000Z,.snapchat.com,sc_at,v2|H4sIAAAAAAAAAAXBixUAIAQAwIm8R+QzTpIpDN9d4cL0J8BoG+Rch6TTUBXUHSSRb4bUVExX8OAHICKMFTIAAAA=
681,690707769616691,https://www.elfcosmetics.com,2023-02-25T15:51:21.000Z,.mookie1.com,syncdata_AMA,1
552,690707769616691,https://www.elfcosmetics.com,2024-02-15T15:51:02.000Z,.taboola.com,t_gid,153b6bab-c6fc-4a43-9bb5-3b8a54974aec-tuctae684e4
537,690707769616691,https://www.elfcosmetics.com,2023-02-15T16:05:59.000Z,.doubleclick.net,test_cookie,CheckForPermission
731,690707769616691,https://www.elfcosmetics.com,2028-01-20T15:51:26.000Z,imgs.cdn-btsg.com,thx_guid,e07c493c761128b8a6f4ab8d17de802d
533,690707769616691,https://www.elfcosmetics.com,2023-05-16T15:51:01.000Z,.3lift.com,tluid,859580327400314535780
746,690707769616691,https://www.elfcosmetics.com,2024-02-15T15:51:30.000Z,.creativecdn.com,ts,1676476288
511,690707769616691,https://www.elfcosmetics.com,2024-02-15T15:50:58.000Z,.bidswitch.net,tuuid,5ec0ae51-7ee0-4e61-a9af-e3d58ea0db2c
515,690707769616691,https://www.elfcosmetics.com,2025-02-14T15:50:58.000Z,.myvisualiq.net,tuuid,3e3906e3-4d55-4802-b617-6548eb0609ff
513,690707769616691,https://www.elfcosmetics.com,2024-02-15T15:50:58.000Z,.bidswitch.net,tuuid_lu,1676476258
517,690707769616691,https://www.elfcosmetics.com,2025-02-14T15:50:58.000Z,.myvisualiq.net,tuuid_lu,1676476258
503,690707769616691,https://www.elfcosmetics.com,2025-02-15T03:27:36.000Z,.tremorhub.com,tv_UIAM,257506ae0006463cb449ef8690df97b0
502,690707769616691,https://www.elfcosmetics.com,2024-02-15T21:39:16.000Z,.tremorhub.com,tvid,438d2f487ec44d79b05bf277bfbd1ce0
745,690707769616691,https://www.elfcosmetics.com,2024-02-15T15:51:30.000Z,.creativecdn.com,u,4nZJcd6lPCaUCKHfYsS2
536,690707769616691,https://www.elfcosmetics.com,2023-05-16T15:50:00.000Z,.serving-sys.com,u2,62311bbf-293b-49c0-bc44-126428edc5c94Lb070
559,690707769616691,https://www.elfcosmetics.com,2023-06-15T15:51:02.000Z,.exelator.com,ud,"""eJxrXxzq6XKLQcHEyNIiLcUoySAp0cQy0TjJyMLc3MLEINHSMjE1xcgwdXFZatGCpaXFqSlJh5ZU5JTkNK0uiw91jHdz9PX0iVywAswJcw1asCS%252FKDN9kbPj4qKUNMZFJcWngg9rPQYARuYnZg%253D%253D"""
640,690707769616691,https://www.elfcosmetics.com,2023-04-16T15:51:13.000Z,.adform.net,uid,6469515112743447935
819,690707769616691,https://www.elfcosmetics.com,2024-03-11T15:51:33.000Z,.criteo.com,uid,b0cb1dba-d4ae-487a-a367-20909b881e82
532,690707769616691,https://www.elfcosmetics.com,2023-03-01T15:50:59.000Z,.ads.stickyadstv.com,uid-bp-30833,b6dzkcijSteq5ug6WAJUcQ
501,690707769616691,https://www.elfcosmetics.com,2023-05-16T15:50:56.000Z,.adnxs.com,uuid2,5373444009251057921
6998,906449439270557,https://www.bebeautiful.in,2023-02-15T16:20:42.000Z,.eyeota.net,SERVERID,19761~DM
7001,906449439270557,https://www.bebeautiful.in,2023-10-01T16:10:43.000Z,.amazon-adsystem.com,ad-id,Ay_XLkiAF0I0lS1k4BHL3II|t
7024,906449439270557,https://www.bebeautiful.in,2028-04-01T16:10:44.000Z,.amazon-adsystem.com,ad-privacy,0
6918,906449439270557,https://www.bebeautiful.in,2023-08-14T16:10:30.000Z,.demdex.net,demdex,25283803613711112934290901084540523756
6985,906449439270557,https://www.bebeautiful.in,2023-08-14T16:10:40.000Z,.demdex.net,dextp,144230-1-1676476557288|144231-1-1676476557557|144232-1-1676476557720|144233-1-1676476557823|144234-1-1676476557925|144235-1-1676476558029|144236-1-1676476558135|144237-1-1676476558247|121998-1-1676477056998|771-1-1676477440381
7013,906449439270557,https://www.bebeautiful.in,2023-08-14T16:10:44.000Z,.dpm.demdex.net,dpm,25283803613711112934290901084540523756
6997,906449439270557,https://www.bebeautiful.in,2024-02-15T16:10:42.000Z,.eyeota.net,mako_uid,18655d7ab84-39f20000010a4d31
6996,906449439270557,https://www.bebeautiful.in,2024-02-15T16:10:42.000Z,.ml314.com,pi,3633625827126542401
6942,906449439270557,https://www.bebeautiful.in,2025-02-16T16:10:34.000Z,.unileverapac.tt.omtrdc.net,unileverapac!mboxPC,eb057928e82e409e9533676b82c1dfb4.34_0
6941,906449439270557,https://www.bebeautiful.in,2023-02-15T16:41:34.000Z,.unileverapac.tt.omtrdc.net,unileverapac!mboxSession,eb057928e82e409e9533676b82c1dfb4
6999,906449439270557,https://www.bebeautiful.in,2024-02-15T16:10:43.000Z,.zeotap.com,zc,8c89962e-17f8-404b-5c4d-c97666d0cfc9
7000,906449439270557,https://www.bebeautiful.in,2023-02-16T16:10:43.000Z,.zeotap.com,zsc,%1A%C2%BD%89%D8%E6%3D%F4s%B4Y%C1%26p-%A5w%27%15kj%1A%86%A4E%D2Y%BEnR%D2I%D7%89%EB%C9n%1B%00%1E%C8%CE%C5%A2j%E6xQ+%2C%5E%9A%CFA2Y%C7%AFB2%E7%94%90w%AC5%B7v%A9e%1B%F5%98%15%A3%27D%BCJ%C9%06%B1%8A%CD%29
941,937679186249486,https://www.maybelline.ca,2023-08-14T15:52:22.000Z,.youtube.com,DEVICE_INFO,ChxOekl3TURReE1UQTJNakF5T0RJMk5UWXdNdz09ELb/s58GGLb/s58G
932,937679186249486,https://www.maybelline.ca,2025-02-14T15:52:21.000Z,.doubleclick.net,IDE,AHWqTUkVOOjF4rUOPn1SuM1FuNRipD2cTpJkZvFJfU8pbFAYbyd3rRUouWQy1cZjf5M
1116,937679186249486,https://www.maybelline.ca,2023-04-16T15:52:38.000Z,.tapad.com,TapAd_3WAY_SYNCS,
1097,937679186249486,https://www.maybelline.ca,2023-04-16T15:52:36.000Z,.tapad.com,TapAd_DID,16630e74-addb-439b-95a1-7ea7c3cd2f60
1096,937679186249486,https://www.maybelline.ca,2023-04-16T15:52:36.000Z,.tapad.com,TapAd_TS,1676476356379
942,937679186249486,https://www.maybelline.ca,2023-08-14T15:52:22.000Z,.youtube.com,VISITOR_INFO1_LIVE,ryJfYzu-NJQ
943,937679186249486,https://www.maybelline.ca,2023-02-16T15:52:22.000Z,sc-static.net,X-AB,0d6e407936704bd380072f5891d28b0e
940,937679186249486,https://www.maybelline.ca,9999-12-31T21:59:59.000Z,.youtube.com,YSC,1OZ5Xsus0bc
950,937679186249486,https://www.maybelline.ca,9999-12-31T21:59:59.000Z,www.armani-beauty.ca,__cq_dnt,0
1048,937679186249486,https://www.maybelline.ca,2025-02-14T15:52:33.000Z,.accounts.livechatinc.com,__lc_cid,dcce159d-67fb-499a-5a6a-4d23ce94a895
1049,937679186249486,https://www.maybelline.ca,2025-02-14T15:52:33.000Z,.accounts.livechatinc.com,__lc_cst,2b057bd5e8ab39d4f22266bb8eef565749e855fd0265e183c2ce77a2541be96fbc434a7cab565c3ee7336afa928911f0bf1f1c59d85243047e87ee9daadb
1052,937679186249486,https://www.maybelline.ca,2023-02-15T15:53:03.000Z,accounts.livechatinc.com,__oauth_redirect_detector,counter=1&t=1676476383&tag=5f6cc50186bc16f3548f9c3d883dee840e27d0dd
946,937679186249486,https://www.maybelline.ca,9999-12-31T21:59:59.000Z,www.armani-beauty.ca,cqcid,acYDmaUvg1v11yKbh1CHHcXM7t
947,937679186249486,https://www.maybelline.ca,9999-12-31T21:59:59.000Z,www.armani-beauty.ca,cquid,||
951,937679186249486,https://www.maybelline.ca,9999-12-31T21:59:59.000Z,www.armani-beauty.ca,dw_dnt,0
945,937679186249486,https://www.maybelline.ca,9999-12-31T21:59:59.000Z,www.armani-beauty.ca,dwac_2b9c3162c115aa9764709f9976,kdX6gaCDcKLqSNDPFRnOLDQj9uYAs0uEoIs%3D|dw-only|||CAD|false|US%2FEastern|true
949,937679186249486,https://www.maybelline.ca,2023-08-14T15:52:23.000Z,www.armani-beauty.ca,dwanonymous_504211172f3237838f66829c09186fde,acYDmaUvg1v11yKbh1CHHcXM7t
952,937679186249486,https://www.maybelline.ca,9999-12-31T21:59:59.000Z,www.armani-beauty.ca,dwsid,bXavaD3YZdfL7R9xfo54z8iAow-d6F7xgS51Hhjk2EIIc_6fXBoo6RC5zAv0eKlh9-GSheknd4S1h54lq2xcuQ==
994,937679186249486,https://www.maybelline.ca,2024-03-11T15:52:26.000Z,.snapchat.com,sc_at,v2|H4sIAAAAAAAAAAXBgQ0AIAgDsItIEGHTcxT1Co63NbuNjCWRnOJ4Q2ZXk53xhvpJPbuqgXCiO0o/qdp56DIAAAA=
948,937679186249486,https://www.maybelline.ca,9999-12-31T21:59:59.000Z,www.armani-beauty.ca,sid,kdX6gaCDcKLqSNDPFRnOLDQj9uYAs0uEoIs
6056,1077816409161501,https://www.miumiu.com,2023-08-14T16:08:11.000Z,.demdex.net,demdex,85241990119379604550625797295490450677
6095,1077816409161501,https://www.miumiu.com,2023-08-14T16:08:17.000Z,.dpm.demdex.net,dpm,85241990119379604550625797295490450677
6078,1077816409161501,https://www.miumiu.com,2024-02-15T16:08:13.000Z,.everesttech.net,everest_g_v2,g_surferid~Y_0DbQAAAFg3IQNP
6079,1077816409161501,https://www.miumiu.com,9999-12-31T21:59:59.000Z,.everesttech.net,everest_session_v2,"""Y@0DbQAAAFg3IgNP"""
5423,1826764932930426,https://www.americasbest.com,2023-03-17T16:06:12.000Z,.cdnssl.clicktale.net,ClicktaleUID,1
5407,1826764932930426,https://www.americasbest.com,2024-03-16T16:06:11.000Z,.d.adroll.com,__adroll,6893939b5bdde3abbbe6751943b99ac1-a_1676477170
5408,1826764932930426,https://www.americasbest.com,2024-03-16T16:06:11.000Z,.adroll.com,__adroll_shared,6893939b5bdde3abbbe6751943b99ac1-a_1676477170
5418,1826764932930426,https://www.americasbest.com,2025-02-15T03:43:44.000Z,.mountain.com,guid,aa9d15c0-ad4a-11ed-a60f-45164b75e973
5467,1826764932930426,https://www.americasbest.com,2025-02-15T03:43:47.000Z,.mountain.com,rt,"""MzIzMDk6MTY3NjQ3NzE3NQ=="""
5466,1826764932930426,https://www.americasbest.com,2025-02-15T03:43:47.000Z,.px.mountain.com,tt,"""H4sIAAAAAAAAAKtWMjYyNrCMN7IwtlCyMjQzNzMxNzc0NzUxM9VR8guKh8qaWxorWRkgi4DVA0XKlKyMagHGlMMzRgAAAA=="""
1476,2986238303405124,https://beekman1802.com,2024-02-15T15:54:23.000Z,.personalizer.io,lsEncUserID,7C0FEE0CB0B2FEA0F4C554E45DCE7FB5
1475,2986238303405124,https://beekman1802.com,2024-02-15T15:54:23.000Z,.personalizer.io,lsUserID,7374411086
1526,2986238303405124,https://beekman1802.com,2025-02-14T15:54:28.000Z,.attentivemobile.com,tpc_b_li-,5d4db1cc-4574-474f-a7ef-1c443ed6d8e4.1676476467.li-.1676476467
1524,2986238303405124,https://beekman1802.com,2025-02-14T15:54:28.000Z,.attentivemobile.com,tpc_c_Dtj,8a21cf78-3288-4c04-a4aa-8e97ce1d3c1d.1676476421.Dtj.1676476467
1525,2986238303405124,https://beekman1802.com,2025-02-14T15:54:28.000Z,.attentivemobile.com,tpc_c_li-,fb8dd2b0-345e-4684-b2e1-b9156988093d.1676476467.li-.1676476467
5861,3407895977874511,https://www.costadelmar.com,2023-08-14T16:07:33.000Z,.demdex.net,demdex,25283803613711112934290901084540523756
5935,3407895977874511,https://www.costadelmar.com,2023-08-14T16:07:56.000Z,.dpm.demdex.net,dpm,25283803613711112934290901084540523756
5912,3407895977874511,https://www.costadelmar.com,2023-03-18T16:07:49.000Z,.everesttech.net,ev_sync_dd,20230215
6684,3429167407225737,https://www.ray-ban.com,2024-02-15T16:09:50.000Z,.tealiumiq.com,TAPID,luxottica/ray-ban>018655d6a61400528a4d8330dd6405046002100900bd0|luxottica/oliverpeoples>018655d5a4960077d403b8add93805046002400900bd0|luxottica/oakley>018655d400c0001269274c10bd3305046001c00900bd0|
6506,3429167407225737,https://www.ray-ban.com,9999-12-31T21:59:59.000Z,.youtube.com,YSC,dof8kZmP-Uc
6711,3429167407225737,https://www.ray-ban.com,2024-03-11T16:09:53.000Z,.tiktok.com,_ttp,2LmW6QL8EA3CrD2w3YGVF1yeBEJ
6676,3429167407225737,https://www.ray-ban.com,2023-08-14T16:09:50.000Z,.bluekai.com,bku,7+999OGefVmjmCDA
6567,3429167407225737,https://www.ray-ban.com,2023-08-14T16:09:39.000Z,.demdex.net,demdex,25283803613711112934290901084540523756
6657,3429167407225737,https://www.ray-ban.com,2023-08-14T16:09:47.000Z,.dpm.demdex.net,dpm,25283803613711112934290901084540523756
6588,3429167407225737,https://www.ray-ban.com,2023-03-18T16:09:40.000Z,.everesttech.net,ev_sync_dd,20230215
6731,3429167407225737,https://www.ray-ban.com,2024-02-15T16:09:54.000Z,.creativecdn.com,ts,1676477394
6730,3429167407225737,https://www.ray-ban.com,2024-02-15T16:09:54.000Z,.creativecdn.com,u,zS9XzKOHr764VwYSvvB3
5642,3448602738157253,https://www.oakley.com,2024-02-15T16:06:47.000Z,.tealiumiq.com,TAPID,luxottica/oakley>018655d400c0001269274c10bd3305046001c00900bd0|
5667,3448602738157253,https://www.oakley.com,2024-03-11T16:06:54.000Z,.tiktok.com,_ttp,2LmW6QL8EA3CrD2w3YGVF1yeBEJ
5649,3448602738157253,https://www.oakley.com,2023-08-14T16:06:50.000Z,.bluekai.com,bkdc,phx
5650,3448602738157253,https://www.oakley.com,2023-08-14T16:06:50.000Z,.bluekai.com,bkpa,KJhBMzLvQp9xHqXZtPPM6Qo5CYnt+Kric0YMcEEAiDZHd7tM5aWRCMklTBy03GEkxKhj4jGh0ukjxXmAUJ/OH7HQARMplP+zX44ork8lvKzw69RdomVArHemV7ey9ivS4ed4qMxx/6qYtXylwT8ZODjT7UzE9LhGdG6bsddjjJ8uY7WpUF1L0NnTgq1RF16Or+69NYigA3yRfqVpDPj6kkyzmVmY4ya2bWCo
5651,3448602738157253,https://www.oakley.com,2023-08-14T16:06:50.000Z,.bluekai.com,bku,7+999OGefVmjmCDA
5586,3448602738157253,https://www.oakley.com,2023-02-15T16:36:42.000Z,.bounceexchange.com,bounceClientVisit2996c,%7B%22vid%22%3A1676477202055371%2C%22did%22%3A%220008114405560605145%22%7D
5603,3448602738157253,https://www.oakley.com,2023-08-14T16:06:42.000Z,.demdex.net,demdex,25283803613711112934290901084540523756
5585,3448602738157253,https://www.oakley.com,2023-02-15T16:16:42.000Z,api.bounceexchange.com,dgzsdl08v4,9dac4098735bd09d8c5818672d19e085
5639,3448602738157253,https://www.oakley.com,2023-08-14T16:06:47.000Z,.dpm.demdex.net,dpm,25283803613711112934290901084540523756
5699,3448602738157253,https://www.oakley.com,9999-12-31T21:59:59.000Z,.dynatrace.com,dtCookie,v_4_srv_10_sn_450F5D05EF314D6F8D2AF2A4BBB769BF_perc_100000_ol_0_mul_1_app-3Aea7c4b59f27d43eb_1
5630,3448602738157253,https://www.oakley.com,2023-03-18T16:06:46.000Z,.everesttech.net,ev_sync_dd,20230215
3595,3474519371891371,https://www.sofinaip-hadaid.com,2024-02-15T15:58:57.000Z,.yahoo.co.jp,A,2n987ethuq0a1&sd=B&t=1676476737&u=1676476737&v=1
3594,3474519371891371,https://www.sofinaip-hadaid.com,2025-02-15T15:58:57.000Z,.yahoo.co.jp,B,2n987ethuq0a1&b=3&s=t2
3653,3474519371891371,https://www.sofinaip-hadaid.com,2024-02-15T15:59:03.000Z,.adsrvr.org,TDCPM,CAESFwoIYXBwbmV4dXMSCwiqzobn593HOxAFEhUKBmdvb2dsZRILCKrOhufn3cc7EAUSGQoKcmlnaHRtZWRpYRILCKrOhufn3cc7EAUYASABKAIyCwjUqNKqid7HOxAFOAFaCWludG1lcmdlcmAC
3651,3474519371891371,https://www.sofinaip-hadaid.com,2024-02-15T15:59:03.000Z,.adsrvr.org,TDID,fb438dfa-f671-4b86-8079-1dcb3617b747
3596,3474519371891371,https://www.sofinaip-hadaid.com,2024-02-15T15:58:57.000Z,.yahoo.co.jp,XA,2n987ethuq0a1&sd=B&t=1676476737&u=1676476737&v=1
3597,3474519371891371,https://www.sofinaip-hadaid.com,2025-02-15T15:58:57.000Z,.yahoo.co.jp,XB,2n987ethuq0a1&b=3&s=t2
3657,3474519371891371,https://www.sofinaip-hadaid.com,2024-02-15T15:59:04.000Z,.yjtag.yahoo.co.jp,bt3,tGiKqDs1B43E3O9CoU1q2rTSkryPd6Ypdaxq-4B1g3CXwe5SP_iEh0xpj2Hz_vjR
3660,3474519371891371,https://www.sofinaip-hadaid.com,2023-03-17T15:59:05.000Z,.yjtag.yahoo.co.jp,btv3.wAiXPd0,AfgcXDLLJRXfOE0E_bfu1KMDVhUgsQkBpDoeKM-9GVBONDEhJcl_iPH1yWwNE-lU
3562,3474519371891371,https://www.sofinaip-hadaid.com,2023-08-14T15:58:51.000Z,.demdex.net,demdex,25283803613711112934290901084540523756
3575,3474519371891371,https://www.sofinaip-hadaid.com,2023-08-14T15:58:55.000Z,.dpm.demdex.net,dpm,25283803613711112934290901084540523756
3573,3474519371891371,https://www.sofinaip-hadaid.com,2023-03-18T15:58:51.000Z,.everesttech.net,ev_sync_dd,20230215
3615,3474519371891371,https://www.sofinaip-hadaid.com,2023-05-16T15:59:02.000Z,.id5-sync.com,id5,aa8a3bff-b909-6958-a070-bcd25266994b#1676476741965#1
3616,3474519371891371,https://www.sofinaip-hadaid.com,2025-02-14T15:59:02.000Z,.im-apps.net,imid,j9uVj1mKSE2diXzHEktiuQ
3618,3474519371891371,https://www.sofinaip-hadaid.com,2025-02-14T15:59:02.000Z,.im-apps.net,imid_created,1676476742
3619,3474519371891371,https://www.sofinaip-hadaid.com,2025-02-14T15:59:02.000Z,.im-apps.net,imid_created_secure,1676476742
3617,3474519371891371,https://www.sofinaip-hadaid.com,2025-02-14T15:59:02.000Z,.im-apps.net,imid_secure,j9uVj1mKSE2diXzHEktiuQ
3654,3474519371891371,https://www.sofinaip-hadaid.com,2025-02-14T15:59:03.000Z,.twitter.com,personalization_id,"""v1_fAWUluPuyB3UNUMUjGGrbQ=="""
898,3559697685305238,https://www.nyxcosmetics.com,2023-02-15T16:52:09.000Z,.igodigital.com,igodigitalst_7206597,b48bf396-ad48-11ed-bda4-72c3effa756f
900,3559697685305238,https://www.nyxcosmetics.com,2023-02-15T16:52:09.000Z,.igodigital.com,igodigitalstdomain,16655
897,3559697685305238,https://www.nyxcosmetics.com,2033-02-15T15:52:09.000Z,.igodigital.com,igodigitaltc2,9e7a1fc4-ad48-11ed-ba25-52e93796067a
892,3559697685305238,https://www.nyxcosmetics.com,2024-03-16T15:52:08.000Z,.cquotient.com,uuid,abGol6G0EAGzmB8fw0bz4Y0VMc
1602,3666492225773488,https://thelipbar.com,9999-12-31T21:59:59.000Z,shop.app,_pay_session,4GqjgUjtKUoESAA8MiFM%2BHCPVfzOe72gxwmrcp6wPNZNgHJ1sQFdBmSABMBULUiRm4vwscZa%2BiaZBKUAk0j14AkNqJeER01eJHHVuM%2FXAbqST8WIICwhwDbYLJxZX0aRWqzbMYswVRXH4wTCsG2RmebOjKCwt1UTmwh%2F72iDOpw6o661gZAdJcZwhg4r%2BllTTSa0tg%3D%3D--YFySutDYiiRCAlNk--bEnfVYWyeAbLiCf6CCdCxA%3D%3D
1632,3666492225773488,https://thelipbar.com,2024-02-15T15:54:48.000Z,.ct.pinterest.com,_pinterest_ct_ua,"""TWc9PSZkMXljcmZLeEd5Rk1CVW9Kb2FsQ2p5QktoaUJKS2lMbWwzK1lKY3dobHUvL2lJYjRoNjNETlRiQWRZQVJhbC84TitaMzFHblNWZUkyamdjVkVHTHNpYTI5WTE5Qy9SQ0tDWkhYa0NNdmpRWT0mVlpaYUJZTkdCTWdFcldqTml5aEFHVlB2N0FZPQ=="""
1569,3666492225773488,https://thelipbar.com,2024-03-11T15:54:41.000Z,.tiktok.com,_ttp,2LmVYDKXPyHhLyo7JJoJpjAXP8J
1606,3666492225773488,https://thelipbar.com,2024-02-15T15:54:46.000Z,.yotpo.com,pixel,bc78b2de-4461-472f-52b9-ed3264a8f28a
1638,3666492225773488,https://thelipbar.com,2025-02-14T15:54:48.000Z,.attentivemobile.com,tpc_b_0Fk,3ac29124-8848-48eb-a0ec-7a29d37669f9.1676476488.0Fk.1676476488
1637,3666492225773488,https://thelipbar.com,2025-02-14T15:54:48.000Z,.attentivemobile.com,tpc_c_0Fk,aa2fe44d-2121-446c-a240-a41365ab83bc.1676476488.0Fk.1676476488
1636,3666492225773488,https://thelipbar.com,2025-02-14T15:54:48.000Z,.attentivemobile.com,tpc_c_Dtj,8a21cf78-3288-4c04-a4aa-8e97ce1d3c1d.1676476421.Dtj.1676476488
1634,3666492225773488,https://thelipbar.com,2025-02-14T15:54:48.000Z,.attentivemobile.com,tpc_c_li-,fb8dd2b0-345e-4684-b2e1-b9156988093d.1676476467.li-.1676476488
1259,4118113842362552,https://baileynelson.com,2023-02-22T15:53:56.000Z,widget-mediator.zopim.com,AWSALB,lF+DXkUhbVFJYTj3j/EbVca//WIXpNHOHdqKA0DicGrDeDoKBa0GvM3TBWqlEC6wfLacv8lvzRoMhSKlCj7R5tz97Tnb3ng7ibPfTU/3NeCOkVv0rzhoMrpIblpp
1260,4118113842362552,https://baileynelson.com,2023-02-22T15:53:56.000Z,widget-mediator.zopim.com,AWSALBCORS,lF+DXkUhbVFJYTj3j/EbVca//WIXpNHOHdqKA0DicGrDeDoKBa0GvM3TBWqlEC6wfLacv8lvzRoMhSKlCj7R5tz97Tnb3ng7ibPfTU/3NeCOkVv0rzhoMrpIblpp
1165,4118113842362552,https://baileynelson.com,2023-03-17T15:53:41.000Z,.linkedin.com,AnalyticsSyncHistory,AQJftu7ZTKSFaQAAAYZVyBMbliRT0Hv_IassWvRmPGgUkQadFwLwOO4m-53Im29GerqBaDnzXcdEfVavZXKUjQ
1191,4118113842362552,https://baileynelson.com,2023-04-16T15:53:48.000Z,.tapad.com,TapAd_3WAY_SYNCS,
1190,4118113842362552,https://baileynelson.com,2023-04-16T15:53:48.000Z,.tapad.com,TapAd_DID,80a427bc-53c8-4b2f-9cd1-58bd8ba8cafd
1189,4118113842362552,https://baileynelson.com,2023-04-16T15:53:48.000Z,.tapad.com,TapAd_TS,1676476428035
1164,4118113842362552,https://baileynelson.com,2023-03-17T15:53:41.000Z,.linkedin.com,UserMatchHistory,AQJ5J6lTBYV1twAAAYZVyBMb8cuFOJjQ_v6_ZySFROE2aOMt7vzd4Y1lJIg8ajAxwEfYnhjEwBJFrA
1142,4118113842362552,https://baileynelson.com,2024-02-15T15:53:39.000Z,.linkedin.com,bcookie,"""v=2&51d77730-1f43-4c1b-8f2b-a5815d0f521d"""
1178,4118113842362552,https://baileynelson.com,2024-02-15T15:53:44.000Z,.www.linkedin.com,bscookie,"""v=1&202302151553449accbf88-d120-477e-8756-a2635a5ba842AQGx6P3nWfXOnemI6SOsrYn9vB7vzrV0"""
1201,4118113842362552,https://baileynelson.com,2024-02-15T15:53:49.000Z,rapidzebra.io,d629fc7d49e3459ab9d423e762f8543c92ab1fed65194e6eaee32b8f477a621a,63ed000dbd9de113f1b5a02f
1141,4118113842362552,https://baileynelson.com,2023-05-16T15:53:39.000Z,.linkedin.com,li_sugr,3a04b585-c049-4399-9262-a746681e4540
1143,4118113842362552,https://baileynelson.com,2023-02-16T15:53:39.000Z,.linkedin.com,lidc,"""b=VGST09:s=V:r=V:a=V:p=V:g=2489:u=1:x=1:i=1676476419:t=1676562819:v=2:sig=AQG39Wp2PymWYa7tySo9Yt9zXvGE1e1v"""
1184,4118113842362552,https://baileynelson.com,2024-03-11T15:53:46.000Z,.snapchat.com,sc_at,v2|H4sIAAAAAAAAAE3GwQ2AMAwDwIkiOcU4gW1a2kzR4eGJdI97BqvQ0zq0jLOWXeBpygp5GzgythO3K8RP0/4VLwIn+UtAAAAA
1173,4118113842362552,https://baileynelson.com,2025-02-14T15:53:43.000Z,.attentivemobile.com,tpc_b_Dtj,23ab5bd7-9c48-4125-9b0f-dd095584fa6b.1676476421.Dtj.1676476421
1172,4118113842362552,https://baileynelson.com,2025-02-14T15:53:43.000Z,.attentivemobile.com,tpc_c_Dtj,8a21cf78-3288-4c04-a4aa-8e97ce1d3c1d.1676476421.Dtj.1676476421
4090,4219881815576131,https://www.benefitcosmetics.com,2023-02-15T16:01:31.000Z,www.youtube.com,TESTCOOKIESENABLED,1
4086,4219881815576131,https://www.benefitcosmetics.com,9999-12-31T21:59:59.000Z,.youtube.com,YSC,Yf6B8-QpHc0
4945,4310397993924264,https://www.glasses.com,9999-12-31T21:59:59.000Z,.crwdcntrl.net,_cc_cc,ctst
4946,4310397993924264,https://www.glasses.com,2023-11-12T16:11:00.000Z,.crwdcntrl.net,_cc_dc,0
4947,4310397993924264,https://www.glasses.com,2023-11-12T16:11:00.000Z,.crwdcntrl.net,_cc_id,d58138eff0880e6bc678d9c629e165d7
4913,4310397993924264,https://www.glasses.com,2023-08-14T16:04:09.000Z,.demdex.net,demdex,25283803613711112934290901084540523756
4942,4310397993924264,https://www.glasses.com,2023-08-14T16:04:16.000Z,.demdex.net,dextp,144230-1-1676476557288|144231-1-1676476557557|144232-1-1676476557720|144233-1-1676476557823|144234-1-1676476557925|144235-1-1676476558029|144236-1-1676476558135|144237-1-1676476558247|121998-1-1676477056998
4936,4310397993924264,https://www.glasses.com,2023-08-14T16:04:16.000Z,.dpm.demdex.net,dpm,25283803613711112934290901084540523756
4928,4310397993924264,https://www.glasses.com,2023-03-18T16:04:16.000Z,.everesttech.net,ev_sync_dd,20230215
3004,4393387600167197,https://decortecosmetics.com,2025-02-14T15:57:24.000Z,developers.google.com,_ga_devsite,GA1.3.114272486.1676476641
3052,4393387600167197,https://decortecosmetics.com,2023-02-15T15:57:45.000Z,.apps.elfsight.com,_p_hfp_client_id,4280602253
2962,4393387600167197,https://decortecosmetics.com,9999-12-31T21:59:59.000Z,shop.app,_pay_session,4QxD0fyD4GfMWVquHxLMESuTeTu3xIzC%2BwbqUhUqSJnDLJNaYUkni6UyF%2FdUlbi2%2FTwvWVL3d5DN604Bxbi4X5RmCnnHrSFzClGPucm5HDY6zMaimyX8evvdzwuq4xUNfpVa203x8kyF7RYMG6ULBdoDlDUJTB7o5uiUhFDWKKWtM8OvqLWZSN4dvW%2FP8RgxcRz8Eg%3D%3D--6%2BIOq0OxqJnZHqb5--wyniOQL8i2DOE%2F4gbPnWEw%3D%3D
3120,4393387600167197,https://decortecosmetics.com,2024-02-15T15:57:44.000Z,.ct.pinterest.com,_pinterest_ct_ua,"""TWc9PSZvMWpncFQ3VlVuNFJ2SUFndzRZVUFaSmJlWGhiQ2JtdzdvUTE0SjE2U0lBenlWaU9YWVlaSkJGa2xqZG9QcndtWHpVczd0M2NNWnQ0SURsbVM2dElXcGd1bGVnZEs2bDU2SkpQM0ZWRVl5dz0mRlkreERkTUlEaVpqMnhhYm9VTjZzOFBHWVVjPQ=="""
3121,4393387600167197,https://decortecosmetics.com,2025-11-11T15:57:47.000Z,shop.pe,addshoppers,"""2|1:0|10:1676476667|11:addshoppers|44:MzcxMGVkYTE3ZTVkNDk0MDkxOGE5YjM5ZWIxOTdiN2Y=|310436c4ae04b519ca6526b61a585c20e4989e37e848d747e4ceb57c04ec5e41"""
2967,4393387600167197,https://decortecosmetics.com,2024-02-15T15:57:19.000Z,.yotpo.com,pixel,66b5ad51-5e18-4cce-5b56-0a6afbe6f6fa
3049,4393387600167197,https://decortecosmetics.com,2025-02-14T15:57:29.000Z,.attentivemobile.com,tpc_b_XCP,3cce5ef3-e429-4084-b17f-01b26edc73b0.1676476649.XCP.1676476649
3048,4393387600167197,https://decortecosmetics.com,2025-02-14T15:57:29.000Z,.attentivemobile.com,tpc_c_XCP,0e6902c5-33d5-4bd1-8c7f-6e9a1cbd7da7.1676476649.XCP.1676476649
3047,4393387600167197,https://decortecosmetics.com,2025-02-14T15:57:29.000Z,.attentivemobile.com,tpc_c_wPq,bc15c697-d3a4-44cc-a1f5-5926cc298aad.1676476599.wPq.1676476649
4152,4413108331016600,https://www.gunnar.com,2023-02-15T16:01:54.000Z,www.youtube.com,TESTCOOKIESENABLED,1
4187,4413108331016600,https://www.gunnar.com,2023-04-16T16:01:04.000Z,.tapad.com,TapAd_3WAY_SYNCS,
4185,4413108331016600,https://www.gunnar.com,2023-04-16T16:01:04.000Z,.tapad.com,TapAd_DID,80a427bc-53c8-4b2f-9cd1-58bd8ba8cafd
4183,4413108331016600,https://www.gunnar.com,2023-04-16T16:01:04.000Z,.tapad.com,TapAd_TS,1676476428035
4215,4413108331016600,https://www.gunnar.com,2024-02-15T16:01:12.000Z,.sharethis.com,__stid,ZGIAAmPtAcgAAAAIAynhAw==
4216,4413108331016600,https://www.gunnar.com,2024-02-15T16:01:12.000Z,.sharethis.com,__stidv,2
4129,4413108331016600,https://www.gunnar.com,9999-12-31T21:59:59.000Z,shop.app,_pay_session,ApOS5XusLVH7%2BNLuAEe5OWAgHYhrHM64hkoAhUVHQIPjT4p53s3R%2Fl1RCL7XoNlEitH%2FSKZDs%2BqgoCFmT%2FdxB2U4NRBvQ5mVOKe29MD6KWEIHy%2FsVn1G3VHLTpCr2bwQY5pZo1SXQvdhJfl%2BxqH1eUCtmwkwoerNaBjCm5h5E8M44ZjRLrkchoDd0RiHqONKyf6yGQ%3D%3D--AaOJ76lQcMFd%2BQiM--B3ZopezD3vqcTgRAbesgvA%3D%3D
4157,4413108331016600,https://www.gunnar.com,2024-03-11T16:00:54.000Z,.tiktok.com,_ttp,2LmVYDKXPyHhLyo7JJoJpjAXP8J
4169,4413108331016600,https://www.gunnar.com,2025-02-14T16:00:56.000Z,.twitter.com,guest_id,v1%3A167647685671761260
4168,4413108331016600,https://www.gunnar.com,2025-02-14T16:00:56.000Z,.twitter.com,guest_id_ads,v1%3A167647685671761260
4167,4413108331016600,https://www.gunnar.com,2025-02-14T16:00:56.000Z,.twitter.com,guest_id_marketing,v1%3A167647685671761260
4181,4413108331016600,https://www.gunnar.com,2024-03-11T16:01:01.000Z,.snapchat.com,sc_at,v2|H4sIAAAAAAAAAE3GwRGAIAwEwIoyc8HzEu0GhFRB8X7Z136DVehpHVrGWcse8DZlhbwNXBnbidcVYijl+yh+ule3TEAAAAA=
4233,4413108331016600,https://www.gunnar.com,2024-03-11T16:01:13.000Z,.criteo.com,uid,42936a87-9600-4b48-ba74-bfd2f0675452
2972,4530882090401836,https://tartecosmetics.com,2023-02-15T16:27:21.000Z,.vimeo.com,__cf_bm,V8ZQnqdNdM2PLciVcAtsFbEBxpVk.a1ADxI9lGkFBZU-1676476641-0-AXmi+BtT8bIzJJ+oEjawb0MO6F6zpOPx+U0PDUyh5alFF9F6i9lh8klxjuiQt8gCbCxdiSnmIdU4XDeLi77qNnk=
3054,4530882090401836,https://tartecosmetics.com,2024-03-11T15:57:31.000Z,.tiktok.com,_ttp,2LmVYDKXPyHhLyo7JJoJpjAXP8J
2986,4530882090401836,https://tartecosmetics.com,2023-02-15T16:57:23.000Z,.igodigital.com,igodigitalst_526001296,6fd17702-ad49-11ed-b666-c2e5797286b2
2988,4530882090401836,https://tartecosmetics.com,2023-02-15T16:57:23.000Z,.igodigital.com,igodigitalstdomain,2000030112
2985,4530882090401836,https://tartecosmetics.com,2033-02-15T15:57:23.000Z,.igodigital.com,igodigitaltc2,9e7a1fc4-ad48-11ed-ba25-52e93796067a
2979,4530882090401836,https://tartecosmetics.com,2024-02-15T15:57:23.000Z,.amazon.com,session-id,137-5385591-0084228
2981,4530882090401836,https://tartecosmetics.com,2024-02-15T15:57:23.000Z,.amazon.com,session-id-apay,137-5385591-0084228
2980,4530882090401836,https://tartecosmetics.com,2024-02-15T15:57:23.000Z,.amazon.com,session-id-time,2082758400
2978,4530882090401836,https://tartecosmetics.com,2024-02-15T15:57:23.000Z,.amazon.com,session-token,"""qsIlqLaI29FVV9avwSFF3r+02NUwYwEhwZE1UR2ayBQC2KqTrtah9/xStN9dwX7M9QD2EKCxjo/n1petV1yVMS1OPs4PP/a7DzyO5YEZiiNeCG6tExZGts9PhyHQUSwxazFzRlaC3oREIh7snBjyA6iwhygt9luxR0UC6pjWSsASYhgp7RX/JCMp7snzAGHf/mt9b4ZbCDsGIf8gEMLNDQ=="""
2977,4530882090401836,https://tartecosmetics.com,2024-02-15T15:57:23.000Z,.amazon.com,ubid-main,131-7059795-8481560
3056,4530882090401836,https://tartecosmetics.com,2024-03-16T15:57:32.000Z,.cquotient.com,uuid,abGol6G0EAGzmB8fw0bz4Y0VMc
4994,4654382115788239,https://eyerim.hr,2024-02-15T21:53:36.000Z,.dognet.sk,PAPVisitorId,gc6axsgJdHPIROhMfPZy6z0e5pnwaUwG
4993,4654382115788239,https://eyerim.hr,9999-12-31T21:59:59.000Z,cpx.smind.hr,PHPSESSID,7as0ssnarui5ed8qacrt1v73o9
4992,4654382115788239,https://eyerim.hr,9999-12-31T21:59:59.000Z,cpx.smind.hr,cnjcpxusr,b8c66db1-3fdc-44c4-8629-f568ba714d59
5004,4654382115788239,https://eyerim.hr,2026-02-14T16:04:50.000Z,api.exponea.com,xnpe_292c6d68-80d0-11eb-a6d5-76bafc8b35dc,303646b6-ca07-49da-a18e-497c6e1b8d00
2186,4884121553592968,https://www.narscosmetics.com,2023-02-15T15:57:10.000Z,pix.cdnwidget.com,API,2^HIykD
1972,4884121553592968,https://www.narscosmetics.com,2023-02-22T15:55:46.000Z,report.shiseido.gbqofs.io,AWSALB,YT+R4Z3K2MBQnaumRJaSit5Gy4IX3EEtVBbCODSDlH9ZMBniJr+jvhZlMy0dRQPPmwHbyyxryzLxizCHT8cMtG2aKhbmSBnEDgo+hUMTUi2w0MIboshxU+q+hnwp
1973,4884121553592968,https://www.narscosmetics.com,2023-02-22T15:55:46.000Z,report.shiseido.gbqofs.io,AWSALBCORS,YT+R4Z3K2MBQnaumRJaSit5Gy4IX3EEtVBbCODSDlH9ZMBniJr+jvhZlMy0dRQPPmwHbyyxryzLxizCHT8cMtG2aKhbmSBnEDgo+hUMTUi2w0MIboshxU+q+hnwp
2183,4884121553592968,https://www.narscosmetics.com,2023-02-15T15:57:10.000Z,pix.cdnwidget.com,BXDID,7432412838543684621
2185,4884121553592968,https://www.narscosmetics.com,2023-02-15T15:57:10.000Z,pix.cdnwidget.com,BXVID,1676476548891124
2184,4884121553592968,https://www.narscosmetics.com,2023-02-15T15:57:10.000Z,pix.cdnwidget.com,BXWID,2796
1785,4884121553592968,https://www.narscosmetics.com,2024-02-15T15:55:27.000Z,shiseido.my.salesforce-sites.com,BrowserId,Ki_Y-a1JEe2d8ylPJB3Phw
1786,4884121553592968,https://www.narscosmetics.com,2024-02-15T15:55:27.000Z,shiseido.my.salesforce-sites.com,BrowserId_sec,Ki_Y-a1JEe2d8ylPJB3Phw
1774,4884121553592968,https://www.narscosmetics.com,2024-02-15T15:55:25.000Z,buxomchat.secure.force.com,CookieConsentPolicy,0:1
1783,4884121553592968,https://www.narscosmetics.com,2024-02-15T15:55:27.000Z,shiseido.my.salesforce-sites.com,CookieConsentPolicy,0:1
1884,4884121553592968,https://www.narscosmetics.com,2023-08-14T15:55:40.000Z,.youtube.com,DEVICE_INFO,ChxOekl3TURReE1Ua3hNell6TVRnMk9ETXpNUT09EPyAtJ8GGPyAtJ8G
1794,4884121553592968,https://www.narscosmetics.com,2024-02-15T15:55:27.000Z,.dynamicyield.com,DYID,-6408622027553571021
1795,4884121553592968,https://www.narscosmetics.com,9999-12-31T21:59:59.000Z,.dynamicyield.com,DYSES,3753b6d657579196361825bdca12c74c
2260,4884121553592968,https://www.narscosmetics.com,2023-05-16T15:56:20.000Z,.pubmatic.com,KRTBCOOKIE_377,6810-2570abf7-6a0c-495b-9f51-b1203191e134&KRTB&22918-2570abf7-6a0c-495b-9f51-b1203191e134&KRTB&23031-2570abf7-6a0c-495b-9f51-b1203191e134
1775,4884121553592968,https://www.narscosmetics.com,2024-02-15T15:55:25.000Z,buxomchat.secure.force.com,LSKey-c$CookieConsentPolicy,0:1
1784,4884121553592968,https://www.narscosmetics.com,2024-02-15T15:55:27.000Z,shiseido.my.salesforce-sites.com,LSKey-c$CookieConsentPolicy,0:1
2262,4884121553592968,https://www.narscosmetics.com,2023-03-17T15:56:20.000Z,.pubmatic.com,PugT,1676476580
1974,4884121553592968,https://www.narscosmetics.com,9999-12-31T21:59:59.000Z,report.shiseido.gbqofs.io,ROUTEID,.cligate1
2159,4884121553592968,https://www.narscosmetics.com,2024-02-15T15:56:08.000Z,.adsrvr.org,TDCPM,CAESFwoIYXBwbmV4dXMSCwi4lpizlau8OxAFEhYKB3J1Ymljb24SCwi6po_D0N3HOxAFEhUKBmdvb2dsZRILCL7x6uTQ3cc7EAUSGQoKcmlnaHRtZWRpYRILCISw8OPQ3cc7EAUSFQoGY2FzYWxlEgsIvvHq5NDdxzsQBRITCgRrcnV4EgsInJq2-uXdxzsQBRISCgNhYW0SCwicmrb65d3HOxAFEhYKB2JsdWVrYWkSCwicmrb65d3HOxAFGAUoAzILCJySuaf83cc7EAVCEiIQCAESDAoIbm9feGF4aXMQAVoHMnhibnBqd2AB
2157,4884121553592968,https://www.narscosmetics.com,2024-02-15T15:56:08.000Z,.adsrvr.org,TDID,2570abf7-6a0c-495b-9f51-b1203191e134
1962,4884121553592968,https://www.narscosmetics.com,2023-04-16T15:55:44.000Z,.tapad.com,TapAd_3WAY_SYNCS,
1960,4884121553592968,https://www.narscosmetics.com,2023-04-16T15:55:44.000Z,.tapad.com,TapAd_DID,80a427bc-53c8-4b2f-9cd1-58bd8ba8cafd
1958,4884121553592968,https://www.narscosmetics.com,2023-04-16T15:55:44.000Z,.tapad.com,TapAd_TS,1676476428035
1885,4884121553592968,https://www.narscosmetics.com,2023-08-14T15:55:40.000Z,.youtube.com,VISITOR_INFO1_LIVE,A2-pwxzexnk
2172,4884121553592968,https://www.narscosmetics.com,9999-12-31T21:59:59.000Z,d.la4-c2-ia2.salesforceliveagent.com,X-Salesforce-CHAT,!yUgf/2n12NLY/Sf7/m00JWj6C2ZpX+8k1v7FZaRJZdKGsm1H7d+SQpoThLKgyQqtFo4ZL3RVfzivfwE=
1883,4884121553592968,https://www.narscosmetics.com,9999-12-31T21:59:59.000Z,.youtube.com,YSC,NTn6wG1LBIs
2251,4884121553592968,https://www.narscosmetics.com,2023-08-14T15:56:20.000Z,www.google.com,_GRECAPTCHA,09AA9PpHJQuakRtq3rSD9tHTgG3lM5H22-jNMYdyRUn6qGYQi2F6MMGio3EXrLxLO-2fgMFFHyPCeE7cumsnDZ978
1897,4884121553592968,https://www.narscosmetics.com,2024-03-15T15:55:40.000Z,.cdnwidget.com,__3idcontext,"{""cookieID"":""2LmVZ6ypRuauF1jlhw37mBUlQpv"",""deviceID"":""2LmVZ7VnpMMXgsVr9OfBAWi7z2V"",""iv"":"""",""v"":""""}"
2187,4884121553592968,https://www.narscosmetics.com,2023-02-15T15:57:10.000Z,pix.cdnwidget.com,__PT1CID,2LmVZ6ypRuauF1jlhw37mBUlQpv
2188,4884121553592968,https://www.narscosmetics.com,2023-02-15T15:57:10.000Z,pix.cdnwidget.com,__PT1DID,2LmVZ7VnpMMXgsVr9OfBAWi7z2V
1899,4884121553592968,https://www.narscosmetics.com,2024-03-15T15:55:40.000Z,.cdnwidget.com,__adcontext,"{""cookieID"":""2LmVZ6ypRuauF1jlhw37mBUlQpv"",""deviceID"":""2LmVZ7VnpMMXgsVr9OfBAWi7z2V"",""iv"":"""",""v"":""""}"
1773,4884121553592968,https://www.narscosmetics.com,2023-02-15T16:25:24.000Z,.fonts.net,__cf_bm,xhVMPNmB_Ku.tYz31jPJSoA_FrRm74NggSGQJZb3SH0-1676476524-0-AaevzvPlYvVLKpePlo0SlFieocIminaGIq2phn6jFdMDjwQAVAASWvYd028/CYiCVv81jlnRpMhOYrWXn4HP1BE=
2290,4884121553592968,https://www.narscosmetics.com,2023-08-14T15:56:21.000Z,.krxd.net,_kuid_,PYZwtj-P
1895,4884121553592968,https://www.narscosmetics.com,2024-02-15T15:55:40.000Z,pd5pe2as.micpn.com,_mibhv,anon-1676476540113-9589094041_8885
1868,4884121553592968,https://www.narscosmetics.com,2024-03-11T15:55:39.000Z,.tiktok.com,_ttp,2LmVYDKXPyHhLyo7JJoJpjAXP8J
2264,4884121553592968,https://www.narscosmetics.com,2023-08-15T15:56:20.000Z,.bluekai.com,bku,b/X99sedfsBWIwWk
1984,4884121553592968,https://www.narscosmetics.com,2023-02-15T16:25:49.000Z,.bounceexchange.com,bounceClientVisit2796c,%7B%22vid%22%3A1676476548891124%2C%22did%22%3A%227432412838543684621%22%7D
2255,4884121553592968,https://www.narscosmetics.com,2023-08-14T15:56:20.000Z,.demdex.net,demdex,85241990119379604550625797295490450677
1983,4884121553592968,https://www.narscosmetics.com,2023-02-15T16:05:49.000Z,api.bounceexchange.com,dgzsdl08v4,f416d123f3ec7d64ebe387ba9f01c91a
2243,4884121553592968,https://www.narscosmetics.com,2024-02-15T15:56:17.000Z,.pippio.com,did,6k0R9aGd-3C4V4sE
2244,4884121553592968,https://www.narscosmetics.com,2024-02-15T15:56:17.000Z,.pippio.com,didts,1676476577
1951,4884121553592968,https://www.narscosmetics.com,2023-02-15T15:55:45.000Z,content.shoprunner.com,dosa,vada
2253,4884121553592968,https://www.narscosmetics.com,2023-08-14T15:56:20.000Z,.dpm.demdex.net,dpm,85241990119379604550625797295490450677
2245,4884121553592968,https://www.narscosmetics.com,2023-04-16T15:56:17.000Z,.pippio.com,nnls,
2246,4884121553592968,https://www.narscosmetics.com,2023-04-16T15:56:17.000Z,.pippio.com,pxrc,CAA=
1950,4884121553592968,https://www.narscosmetics.com,2024-03-11T15:55:44.000Z,.snapchat.com,sc_at,v2|H4sIAAAAAAAAAE3GwRGAIAwEwIoyc9HjEu0GlFRB8XzZ136DVehpHZrGv6Y9YDNlhfwauDOWE68rxFAj11FszgSKPUAAAAA=
1954,4884121553592968,https://www.narscosmetics.com,2023-02-15T16:25:44.000Z,content.shoprunner.com,sr_analytics_session_cookie,61345b75-c98e-d6c5-a951-3af9e91eff94
1953,4884121553592968,https://www.narscosmetics.com,2073-02-02T15:55:44.000Z,.shoprunner.com,srdomain_browser_id,f0c33e91-af0b-4bd9-80f3-f8e1ae868cdc
1917,4884121553592968,https://www.narscosmetics.com,2025-02-14T15:55:42.000Z,.attentivemobile.com,tpc_b_bc7,dfb4ed59-7464-4f10-8ee6-effb1dc16aaa.1676476542.bc7.1676476542
1913,4884121553592968,https://www.narscosmetics.com,2025-02-14T15:55:42.000Z,.attentivemobile.com,tpc_c_0Fk,aa2fe44d-2121-446c-a240-a41365ab83bc.1676476488.0Fk.1676476542
1915,4884121553592968,https://www.narscosmetics.com,2025-02-14T15:55:42.000Z,.attentivemobile.com,tpc_c_Dtj,8a21cf78-3288-4c04-a4aa-8e97ce1d3c1d.1676476421.Dtj.1676476542
1916,4884121553592968,https://www.narscosmetics.com,2025-02-14T15:55:42.000Z,.attentivemobile.com,tpc_c_bc7,8060c281-4a6a-4361-97d4-9e68034f1542.1676476542.bc7.1676476542
1911,4884121553592968,https://www.narscosmetics.com,2025-02-14T15:55:42.000Z,.attentivemobile.com,tpc_c_li-,fb8dd2b0-345e-4684-b2e1-b9156988093d.1676476467.li-.1676476542
1870,4884121553592968,https://www.narscosmetics.com,2024-03-16T15:55:39.000Z,.cquotient.com,uuid,abGol6G0EAGzmB8fw0bz4Y0VMc
5542,4995921037719075,https://www.designerglasses.co.uk,2023-02-15T16:06:50.000Z,.apps.elfsight.com,_p_hfp_client_id,2289669232
5544,4995921037719075,https://www.designerglasses.co.uk,2026-02-15T16:06:34.000Z,.paypal.com,ts,vreXpYrS%3D1771171594%26vteXpYrS%3D1676478994%26vr%3D55d3125a1860a6020602a977f0bccc48%26vt%3D55d3125a1860a6020602a977f0bccc47%26vtyp%3Dnew
5546,4995921037719075,https://www.designerglasses.co.uk,2026-02-15T16:06:34.000Z,.paypal.com,ts_c,vr%3D55d3125a1860a6020602a977f0bccc48%26vt%3D55d3125a1860a6020602a977f0bccc47
1761,5198101056569723,https://www.target.com,2024-02-15T15:55:23.000Z,.adsrvr.org,TDID,fb438dfa-f671-4b86-8079-1dcb3617b747
1760,5198101056569723,https://www.target.com,2025-02-14T15:55:23.000Z,.liadm.com,lidid,809916c4-e3b7-4e3b-a628-ba8a6b3ca59c
3778,5345513914278440,https://www.ardellshop.com,2024-03-11T15:59:32.000Z,.tiktok.com,_ttp,2LmW6QL8EA3CrD2w3YGVF1yeBEJ
4003,5345513914278440,https://www.ardellshop.com,2024-02-15T15:59:56.000Z,.rubiconproject.com,audit,1|YSow18y7p/LJOCYQpBmbDB9c2x3oK1yJUbDxRkbRMWH2ll2c+jjVVQ9UuyPgJ6m25xKr8ijzsjiM1KxoLazIt8oW2SgbbjsrEOjxxX8e+bPQ8b6xt3fZz99Fuv+1u3xW3tYJpWLcSKl/6K+MJaMXAo76/Gy8ewrDCOeqF/Dn4Co=
3868,5345513914278440,https://www.ardellshop.com,2024-03-11T15:59:40.000Z,.dnacdn.net,browser_data,yAlcJV80M0RITmhlJTJCZkMwOUJGQlhaMUN2czBqZ0R1RVNSWnVXY2pTS0J3bndlNnolMkJMS0FZUHBEbTBxSm9zRjR0cTRkQw
3996,5345513914278440,https://www.ardellshop.com,2024-02-15T15:59:55.000Z,.bidswitch.net,c,1676476795
4006,5345513914278440,https://www.ardellshop.com,2023-03-17T15:59:55.000Z,.media.net,data-c,k-KJo8x3C_7sOQqFRL5vTb2d4rit31RHB_JEQHdg~~3
4005,5345513914278440,https://www.ardellshop.com,2023-03-17T15:59:55.000Z,.media.net,data-c-ts,1676476795
4001,5345513914278440,https://www.ardellshop.com,2024-02-15T15:59:56.000Z,.rubiconproject.com,khaos,LE5UUX8E-V-JXTD
4007,5345513914278440,https://www.ardellshop.com,2023-03-17T15:59:56.000Z,.sharethrough.com,stx_user_id,7f12f099-f1b8-4df9-8d9f-fe05beb81011
4008,5345513914278440,https://www.ardellshop.com,2024-02-15T15:59:57.000Z,.taboola.com,t_gid,6638f0ea-acec-47bd-8378-65f231c9abff-tuctae686fc
4013,5345513914278440,https://www.ardellshop.com,2023-05-16T15:59:57.000Z,.3lift.com,tluid,1668799225594162811357
3995,5345513914278440,https://www.ardellshop.com,2024-02-15T15:59:55.000Z,.bidswitch.net,tuuid,2566104d-6c2f-4386-a67c-4451d12e0512
3997,5345513914278440,https://www.ardellshop.com,2024-02-15T15:59:55.000Z,.bidswitch.net,tuuid_lu,1676476795
3809,5345513914278440,https://www.ardellshop.com,2024-03-11T15:59:34.000Z,.criteo.com,uid,f6fdd47f-06eb-4fec-8516-595c7301d543
3999,5345513914278440,https://www.ardellshop.com,2023-05-16T15:59:55.000Z,.adnxs.com,uuid2,6327487755338298945
4004,5345513914278440,https://www.ardellshop.com,2024-02-15T15:59:55.000Z,.media.net,visitor-id,3194783955904084000V10
4971,5348360188171823,https://www.invushop.com,2023-05-16T16:04:36.000Z,.adnxs.com,anj,dTM7k!M4/YEVNsVF']wIg2GUeq/Bm0NOQ!_?M[)5SP459k^axaeCh)8HwD!$pnm9toibRwp`z1u_$Vx:5D8-@P)[Q]P)j.gpI_l_
4973,5348360188171823,https://www.invushop.com,2023-05-16T16:04:36.000Z,.adnxs.com,uuid2,6327487755338298945
6867,5434087202545281,https://www.vogue-eyewear.com,2024-02-15T16:10:21.000Z,.tealiumiq.com,TAPID,luxottica/vogue>018655d72d86000d3cca4f23e9d205046002000900bd0|
6829,5434087202545281,https://www.vogue-eyewear.com,2024-02-15T16:10:16.000Z,.ct.pinterest.com,_pinterest_ct_ua,"""TWc9PSZxMXM3NnhaK2J2N1pCYW1TT01ieUtJdzB6VXdid1cyMGxWdFhKS3hGWjJDTXJBZlV5OXhqbG93dERJb3l1NWU0OUtNUnBuSFNmZGFWYTllUnptVkZROUxQY3hla0Y0a3JQYVFvK05iS08yTT0mT1MwYm8yTFpuQ0s5Ynd4aExweXdmVzU2QXFrPQ=="""
6808,5434087202545281,https://www.vogue-eyewear.com,2023-08-14T16:10:11.000Z,.demdex.net,demdex,85241990119379604550625797295490450677
6838,5434087202545281,https://www.vogue-eyewear.com,2023-08-14T16:10:17.000Z,.dpm.demdex.net,dpm,85241990119379604550625797295490450677
6826,5434087202545281,https://www.vogue-eyewear.com,2023-03-18T16:10:16.000Z,.everesttech.net,ev_sync_dd,20230215
2218,5444380309801027,https://janeiredale.com,2024-02-15T21:56:15.000Z,.yahoo.com,A3,d=AQABBJ8A7WMCEMYhphYWXBEnK9zUgNAh1y0FEgEBAQFS7mP2YwAAAAAA_eMAAA&S=AQAAAl9EG9HyZr4uH-275U8F8IM
2374,5444380309801027,https://janeiredale.com,2023-02-22T15:56:33.000Z,admin.pickzen.com,AWSALB,9akKWop5hPniliLNgfNrDp7+OORx6ebV0XV/EZoayOHzSoQSWY4/W1jBXGYzQvw1ZiGoihUNVmkg+Wbri/M3NZnu2yvOdZ+6tEhBg+GZnDLRX8yn+G6m6yVWAqY/
2375,5444380309801027,https://janeiredale.com,2023-02-22T15:56:33.000Z,admin.pickzen.com,AWSALBCORS,9akKWop5hPniliLNgfNrDp7+OORx6ebV0XV/EZoayOHzSoQSWY4/W1jBXGYzQvw1ZiGoihUNVmkg+Wbri/M3NZnu2yvOdZ+6tEhBg+GZnDLRX8yn+G6m6yVWAqY/
2434,5444380309801027,https://janeiredale.com,2024-02-15T15:56:40.000Z,.analytics.yahoo.com,IDSYNC,1769~2a0f
2304,5444380309801027,https://janeiredale.com,2023-02-22T15:56:21.000Z,.bat.bing.com,MR,0
2303,5444380309801027,https://janeiredale.com,2024-03-11T15:56:21.000Z,.bing.com,MUID,2867A3F8E3616285146BB141E25A6320
2378,5444380309801027,https://janeiredale.com,2024-02-15T15:56:33.000Z,.adsrvr.org,TDCPM,CAESFwoIYXBwbmV4dXMSCwiqzobn593HOxAFEhUKBmdvb2dsZRILCKrOhufn3cc7EAUSGQoKcmlnaHRtZWRpYRILCKrOhufn3cc7EAUYBSgDMgsIqsaJlP7dxzsQBUIPIg0IARIJCgV0aWVyMxABWgdrcWt6dW1yYAE.
2377,5444380309801027,https://janeiredale.com,2024-02-15T15:56:33.000Z,.adsrvr.org,TDID,fb438dfa-f671-4b86-8079-1dcb3617b747
2193,5444380309801027,https://janeiredale.com,9999-12-31T21:59:59.000Z,shop.app,_pay_session,AU3mYcoqFThW47z5vTZmbpXF51clko9vNeGKL6WXbKi1%2FPgTUrBPOs5Dl11PEvVEzj3UDqXDQ2wdOcxHumNhWO4r7nQvgqf0RfwLfJ16pBYMSHEwYwBTOn1riKxuMclgm630df7w8qUiFSZtRx3vn6KVqKHRsBEUNmXKmDGvfaswGxYuiXA5Vo4bRJLaErOsb7FBng%3D%3D--wnOIe3wOo5pgEh4z--9diwXAyyf4pz7vTFwth%2FZw%3D%3D
2307,5444380309801027,https://janeiredale.com,2024-03-11T15:56:23.000Z,.tiktok.com,_ttp,2LmW6QL8EA3CrD2w3YGVF1yeBEJ
2470,5444380309801027,https://janeiredale.com,2024-03-11T15:56:43.000Z,.dnacdn.net,browser_data,3_e6D180M0RITmhlJTJCZkMwOUJGQlhaMUN2czBqZ0R1RVNSWnVXY2pTS0J3bndlNnhBd3pndkRCaFloVGV5NiUyQmxLaFA3TA
2206,5444380309801027,https://janeiredale.com,2024-02-15T15:56:14.000Z,mpsnare.iesnare.com,io_token_7c6a6574-f011-4c9a-abdd-9894a102ccef,dKofELAE6UuFctuJSuYg7HDFSRzuC5ksZ4z4LWcr6QY=
2349,5444380309801027,https://janeiredale.com,2024-02-15T15:56:29.000Z,.personalizer.io,lsEncUserID,92F1D94E7BE3113D0EB6F71E6BD9DB06
2348,5444380309801027,https://janeiredale.com,2024-02-15T15:56:29.000Z,.personalizer.io,lsUserID,7374415011
2305,5444380309801027,https://janeiredale.com,2024-02-15T15:56:22.000Z,.yotpo.com,pixel,66b5ad51-5e18-4cce-5b56-0a6afbe6f6fa
2440,5444380309801027,https://janeiredale.com,2025-02-14T15:56:41.000Z,.attentivemobile.com,tpc_b_wPq,682eba21-8527-4f79-b8f2-83379ba4bfff.1676476599.wPq.1676476599
2439,5444380309801027,https://janeiredale.com,2025-02-14T15:56:41.000Z,.attentivemobile.com,tpc_c_wPq,bc15c697-d3a4-44cc-a1f5-5926cc298aad.1676476599.wPq.1676476599
2402,5444380309801027,https://janeiredale.com,2024-03-11T15:56:35.000Z,.criteo.com,uid,a201b4f8-898e-45ed-ace8-ef445edc05a4
2433,5444380309801027,https://janeiredale.com,2023-05-16T15:56:39.000Z,.adnxs.com,uuid2,6327487755338298945
5897,5464897824148514,https://www.bulgari.com,2024-03-16T16:07:50.000Z,.cquotient.com,uuid,abGol6G0EAGzmB8fw0bz4Y0VMc
4571,5555654397925407,https://www.kits.ca,2023-02-15T17:02:36.000Z,.connectedinteractive.com,7f9ec226a00d941bf0562cc8bd99d91b_open,1676476956
4596,5555654397925407,https://www.kits.ca,2024-02-15T22:02:39.000Z,.yahoo.com,A3,d=AQABBGL_7GMCEKEhz_xqmb59luBpnS_lHJYFEgEBAQFQ7mP2YwAAAAAA_eMAAA&S=AQAAAvjD8UGudQnXEdDMVuBd04w
4627,5555654397925407,https://www.kits.ca,2024-02-15T16:02:40.000Z,.casalemedia.com,CMID,Y.z-ZaXw4kn66UyU32luQwAA
4629,5555654397925407,https://www.kits.ca,2023-05-16T16:02:40.000Z,.casalemedia.com,CMPRO,512
4594,5555654397925407,https://www.kits.ca,2024-02-15T16:02:39.000Z,.analytics.yahoo.com,IDSYNC,"""19b9~2a0f:1769~2a0f:18zh~2a0g"""
4622,5555654397925407,https://www.kits.ca,2023-03-17T16:02:40.000Z,.pubmatic.com,KRTBCOOKIE_97,3385-uid:k-N3ybaCrD5f0Jp8GgSR4uAWNd5G5_sS29_o-MeA&KRTB&23144-uid:k-N3ybaCrD5f0Jp8GgSR4uAWNd5G5_sS29_o-MeA&KRTB&23286-uid:k-N3ybaCrD5f0Jp8GgSR4uAWNd5G5_sS29_o-MeA&KRTB&23287-uid:k-N3ybaCrD5f0Jp8GgSR4uAWNd5G5_sS29_o-MeA
4603,5555654397925407,https://www.kits.ca,2023-02-22T16:02:39.000Z,.c.bing.com,MR,0
4602,5555654397925407,https://www.kits.ca,2024-03-11T16:02:39.000Z,.bing.com,MUID,1703EC0A44C06EFF23D4FEB345FB6F6B
4624,5555654397925407,https://www.kits.ca,2023-03-17T16:02:40.000Z,.pubmatic.com,PugT,1676476960
4641,5555654397925407,https://www.kits.ca,2023-03-08T16:02:41.000Z,.smaato.net,SCM,6a4c0c06
4645,5555654397925407,https://www.kits.ca,2023-02-26T04:02:41.000Z,.smaato.net,SCM1001851,6a4c0c06
4620,5555654397925407,https://www.kits.ca,2025-02-14T16:02:40.000Z,.socdm.com,SOC,Y.0CIMCo8YkAAKoREJUAAAAA
4575,5555654397925407,https://www.kits.ca,2024-02-15T16:02:37.000Z,.adsrvr.org,TDCPM,CAESFwoIYXBwbmV4dXMSCwi4lpizlau8OxAFEhYKB3J1Ymljb24SCwi6po_D0N3HOxAFEhUKBmdvb2dsZRILCL7x6uTQ3cc7EAUSGQoKcmlnaHRtZWRpYRILCISw8OPQ3cc7EAUSFQoGY2FzYWxlEgsIvvHq5NDdxzsQBRIYCgliaWRzd2l0Y2gSCwj2jLr75d3HOxAFEhcKCHB1Ym1hdGljEgsI9oy6--XdxzsQBRITCgRrcnV4EgsIvpGFw_bdxzsQBRISCgNhYW0SCwi-kYXD9t3HOxAFEhYKB2JsdWVrYWkSCwi-kYXD9t3HOxAFGAU4AUIEIgIIAQ..
4573,5555654397925407,https://www.kits.ca,2024-02-15T16:02:37.000Z,.adsrvr.org,TDID,2570abf7-6a0c-495b-9f51-b1203191e134
4557,5555654397925407,https://www.kits.ca,2023-02-15T17:02:33.000Z,.lightboxapi.azurewebsites.net,TiPMix,38.14463870694406
4556,5555654397925407,https://www.kits.ca,2023-11-12T16:02:33.000Z,.crwdcntrl.net,_cc_aud,"""ABR4XmNgYGBIfsskAaQggJGBLX0BkAkAIUECeQ%3D%3D"""
4527,5555654397925407,https://www.kits.ca,9999-12-31T21:59:59.000Z,.crwdcntrl.net,_cc_cc,ctst
4552,5555654397925407,https://www.kits.ca,2023-11-12T16:11:00.000Z,.crwdcntrl.net,_cc_dc,0
4553,5555654397925407,https://www.kits.ca,2023-11-12T16:11:00.000Z,.crwdcntrl.net,_cc_id,726eade47f6d35d7b357c7ccf8053b2f
4612,5555654397925407,https://www.kits.ca,2023-03-17T16:02:40.000Z,i.liadm.com,_li_ss,CgsKCQj_____BxC5FA
4509,5555654397925407,https://www.kits.ca,2024-03-11T16:02:29.000Z,.tiktok.com,_ttp,2LmVYDKXPyHhLyo7JJoJpjAXP8J
4617,5555654397925407,https://www.kits.ca,2023-03-01T16:02:40.000Z,exchange.mediavine.com,am_tokens,%7B%22mv_uuid%22%3A%222c497470-ad4a-11ed-a11f-1538322bd695%22%2C%22version%22%3A%22invalidate-verizon-pushes%22%7D
4618,5555654397925407,https://www.kits.ca,2023-03-01T16:02:40.000Z,exchange.mediavine.com,am_tokens_invalidate-verizon-pushes,%7B%22mv_uuid%22%3A%222c497470-ad4a-11ed-a11f-1538322bd695%22%2C%22version%22%3A%22invalidate-verizon-pushes%22%7D
4607,5555654397925407,https://www.kits.ca,2023-05-16T16:02:39.000Z,.adnxs.com,anj,dTM7k!M40<F7/.XF']wIg2E?cs.4wn!]tdA6fZ48^z=b^d)Kpr/t8^'@3@c:*HR'=W!kRXSvS2yCAkR[sI2[ov1u_T@g@@m?J]s3ky.A81H$(::7yLS$%vLOrhmTV0HhfbMSZ2cp!%r8+>%*3-f)FF!vX]+NJo#!9sk@3@'s>Ts?(K`
4586,5555654397925407,https://www.kits.ca,2024-02-15T16:02:39.000Z,.rubiconproject.com,audit,1|Jjp4x4NcW+d0jXD+0162infXNIah9Uy3cHQoLasbUjHLw2IVV0nP5LbIx0NMNY/Y0uByGiEwpX9BK03vAHceEMPlmrk2+MbIEaAgsmxFWJsm6idmC7Cf9xARaCduhdA4
4625,5555654397925407,https://www.kits.ca,2023-03-17T16:02:40.000Z,.omnitagjs.com,ayl_visitor,88860940c9bc00a84813da64136200d3
4642,5555654397925407,https://www.kits.ca,2023-08-14T16:02:41.000Z,.bluekai.com,bkdc,phx
4644,5555654397925407,https://www.kits.ca,2023-08-14T16:02:41.000Z,.bluekai.com,bku,b/X99sedfsBWIwWk
4495,5555654397925407,https://www.kits.ca,2024-03-11T16:02:25.000Z,.dnacdn.net,browser_data,0NbQE180M0RITmhlJTJCZkMwOUJGQlhaMUN2czdTQjJiTzd3NjhjemdEbThOTkE3WmolMkZiZFpMdWI1WEpkakoyOWNjdmIlMkZp
4520,5555654397925407,https://www.kits.ca,2024-01-17T16:02:30.000Z,core.thepointyspritesclub.com,cg_uuid,e0135df593770378cc2812100094e8a4
4570,5555654397925407,https://www.kits.ca,2024-02-15T16:02:36.000Z,.connectedinteractive.com,ci_uid,6d701518-9369-40f2-934e-45e4c3d635a6
4619,5555654397925407,https://www.kits.ca,2023-03-01T16:02:40.000Z,exchange.mediavine.com,criteo,%7B%22id%22%3A%22k-NribAyrD5f0Jp8GgSR4uAWNd5G6AfU02buFgf4gMxFRBdsrX%22%2C%22version%22%3A%22criteo%22%7D
4592,5555654397925407,https://www.kits.ca,2024-02-15T16:02:39.000Z,.smartadserver.com,csync,79:k-NLAgoirD5f0Jp8GgSR4uAWNd5G6am-9dhcbhkQ|144:rHBx2foATcuUhJckmnxitA
4581,5555654397925407,https://www.kits.ca,2023-03-17T16:02:38.000Z,.media.net,data-c,k-s6bzpyrD5f0Jp8GgSR4uAWNd5G4lp8G5DM9KWA~~3
4580,5555654397925407,https://www.kits.ca,2023-03-17T16:02:38.000Z,.media.net,data-c-ts,1676476958
4649,5555654397925407,https://www.kits.ca,2023-08-14T16:02:41.000Z,.demdex.net,demdex,85241990119379604550625797295490450677
4647,5555654397925407,https://www.kits.ca,2023-08-14T16:02:41.000Z,.dpm.demdex.net,dpm,85241990119379604550625797295490450677
4491,5555654397925407,https://www.kits.ca,2033-02-12T16:02:24.000Z,.fbot.me,globalId,3115b6f3-c56e-4fb5-afd3-ba341a855573
4584,5555654397925407,https://www.kits.ca,2024-02-15T16:02:39.000Z,.rubiconproject.com,khaos,LE5UOH64-17-LU67
4614,5555654397925407,https://www.kits.ca,2025-02-14T16:02:40.000Z,.liadm.com,lidid,5eb92d1b-3804-4d78-9c3a-540ac2655be2
4578,5555654397925407,https://www.kits.ca,2025-02-14T16:02:38.000Z,.mediawallahscript.com,mCookie,-1
4599,5555654397925407,https://www.kits.ca,2023-02-16T16:02:39.000Z,.mediawallahscript.com,mRemnantVisitedCookie_d41d8cd98f00b204e9800998ecf8427e_02_2023,%7B%221KTuLJ%22%3A1%7D
4600,5555654397925407,https://www.kits.ca,2025-02-14T16:02:39.000Z,.mediawallahscript.com,mUserCookie,%7B%7D
4615,5555654397925407,https://www.kits.ca,2023-03-01T16:02:40.000Z,exchange.mediavine.com,mv_tokens,%7B%22mv_uuid%22%3A%222c497470-ad4a-11ed-a11f-1538322bd695%22%2C%22version%22%3A%22invalidate-verizon-pushes%22%7D
4616,5555654397925407,https://www.kits.ca,2023-03-01T16:02:40.000Z,exchange.mediavine.com,mv_tokens_invalidate-verizon-pushes,%7B%22mv_uuid%22%3A%222c497470-ad4a-11ed-a11f-1538322bd695%22%2C%22version%22%3A%22invalidate-verizon-pushes%22%7D
4621,5555654397925407,https://www.kits.ca,2023-05-16T16:02:40.000Z,.outbrain.com,obuid,bc9e9e98-155a-477f-b41a-0be0d634e2a6
4636,5555654397925407,https://www.kits.ca,2024-02-15T16:02:40.000Z,.ads.yieldmo.com,ptrcriteo,k-M2U3qyrD5f0Jp8GgSR4uAWNd5G4HJ9gJOS49Gg
4582,5555654397925407,https://www.kits.ca,2023-03-17T16:02:39.000Z,.sharethrough.com,stx_user_id,3ea66e02-bc76-4afe-bb9d-dfbf850bc03c
4588,5555654397925407,https://www.kits.ca,2024-02-15T16:02:39.000Z,.taboola.com,t_gid,153b6bab-c6fc-4a43-9bb5-3b8a54974aec-tuctae684e4
4590,5555654397925407,https://www.kits.ca,2023-05-16T16:02:39.000Z,.3lift.com,tluid,859580327400314535780
4546,5555654397925407,https://www.kits.ca,2025-02-14T16:02:32.000Z,.attentivemobile.com,tpc_b_0Ww,95638549-d752-40c7-9f71-4b7d66bccc5a.1676476952.0Ww.1676476952
4542,5555654397925407,https://www.kits.ca,2025-02-14T16:02:32.000Z,.attentivemobile.com,tpc_c_0Fk,aa2fe44d-2121-446c-a240-a41365ab83bc.1676476488.0Fk.1676476952
4545,5555654397925407,https://www.kits.ca,2025-02-14T16:02:32.000Z,.attentivemobile.com,tpc_c_0Ww,cf2cc3f7-ef9a-4671-8b45-a4a28c42a3e5.1676476952.0Ww.1676476952
4544,5555654397925407,https://www.kits.ca,2025-02-14T16:02:32.000Z,.attentivemobile.com,tpc_c_Dtj,8a21cf78-3288-4c04-a4aa-8e97ce1d3c1d.1676476421.Dtj.1676476952
4540,5555654397925407,https://www.kits.ca,2025-02-14T16:02:32.000Z,.attentivemobile.com,tpc_c_bc7,8060c281-4a6a-4361-97d4-9e68034f1542.1676476542.bc7.1676476952
4538,5555654397925407,https://www.kits.ca,2025-02-14T16:02:32.000Z,.attentivemobile.com,tpc_c_li-,fb8dd2b0-345e-4684-b2e1-b9156988093d.1676476467.li-.1676476952
4604,5555654397925407,https://www.kits.ca,2023-05-16T16:02:39.000Z,.360yield.com,tuuid,a5381ef8-2ca7-4c44-ab4d-aab787062a57
4605,5555654397925407,https://www.kits.ca,2023-05-16T16:02:39.000Z,.360yield.com,tuuid_lu,1676476959
4630,5555654397925407,https://www.kits.ca,2023-03-17T16:02:40.000Z,.tremorhub.com,tv_UICR,k-Xk68LirD5f0Jp8GgSR4uAWNd5G5MNSF-YbqO1w
4489,5555654397925407,https://www.kits.ca,2024-03-11T16:02:23.000Z,.criteo.com,uid,23a5258e-a958-46ab-b307-c571f38a435e
4610,5555654397925407,https://www.kits.ca,2023-05-16T16:02:39.000Z,.360yield.com,um,"!38,Sf6OKfpiu3PQB2a.jr0ADPlMcdTRXh5NVcpne117zmdONcXLVJDmUZW0L52vpZ5UCf43S4IB,1684252959"
4611,5555654397925407,https://www.kits.ca,2023-05-16T16:02:39.000Z,.360yield.com,umeh,"!38,0,1738684959,-1"
4536,5555654397925407,https://www.kits.ca,2023-03-17T16:02:32.000Z,.getrockerbox.com,uuid,rbos-a908e455-dcd0-4b58-b06b-7d28c047c642
4577,5555654397925407,https://www.kits.ca,2023-05-16T16:02:38.000Z,.adnxs.com,uuid2,5818598251824644646
4579,5555654397925407,https://www.kits.ca,2024-02-15T16:02:38.000Z,.media.net,visitor-id,3194785585904029000V10
4558,5555654397925407,https://www.kits.ca,2023-02-15T17:02:33.000Z,.lightboxapi.azurewebsites.net,x-ms-routing-name,self
4635,5555654397925407,https://www.kits.ca,2024-02-15T16:02:40.000Z,.yieldmo.com,yieldmo_id,gb6b4166f8b27714df9a%7C1676476960954%7C0%7C
4325,5745754108324525,https://us.jins.com,9999-12-31T21:59:59.000Z,shop.app,_pay_session,yI9GXfey5YPffk9W7d0gU%2BcdQFBFRA7NoPIEEXKVAjrsn6Qef9aezMG5ANcPIoE5HlTO0vhbYUifMWTSNgFOVHFNIaWGQcXAm7bZCfROo8vtUmH0gkbqQF4QrIR8giF5LhB8IEuN6hbHgynjiXTab3nqb01Qk72DVs8dDzdTmonbYMcuTkAYIMLUnQlOmGUTkOkkDw%3D%3D--Cg5mQpy9mS0uym1E--9N7pdOSuaOIGPyKkWZ369Q%3D%3D
4353,5745754108324525,https://us.jins.com,2024-02-15T16:01:53.000Z,.yotpo.com,pixel,bc78b2de-4461-472f-52b9-ed3264a8f28a
5743,6621687434007146,https://www.smartbuyglasses.com,2024-02-15T22:07:03.000Z,.yahoo.com,A3,d=AQABBGL_7GMCEKEhz_xqmb59luBpnS_lHJYFEgEBAQFQ7mP2YwAAAAAA_eMAAA&S=AQAAAvjD8UGudQnXEdDMVuBd04w
5777,6621687434007146,https://www.smartbuyglasses.com,2024-02-15T16:07:03.000Z,.official-coupons.com,REVLIFTER,"[{""w"":""2f99d090-f34d-4bfd-9ecd-7df241dabd22"",""u"":""0671f341-2aaf-455d-b0f9-eb02c9fd6099"",""s"":""c6d44073-b979-4e4d-8534-c7b06c58b0de"",""se"":1679069219}]"
5713,6621687434007146,https://www.smartbuyglasses.com,2024-02-15T16:06:59.000Z,.official-deals.co.uk,REVLIFTER,"[{""w"":""2f99d090-f34d-4bfd-9ecd-7df241dabd22"",""u"":""0671f341-2aaf-455d-b0f9-eb02c9fd6099"",""s"":""c6d44073-b979-4e4d-8534-c7b06c58b0de"",""se"":1679069219}]"
5741,6621687434007146,https://www.smartbuyglasses.com,2025-02-14T16:07:02.000Z,.attentivemobile.com,tpc_b_PIA,1ccbf80c-e159-461d-971c-4f897dc7eb20.1676477222.PIA.1676477222
5737,6621687434007146,https://www.smartbuyglasses.com,2025-02-14T16:07:02.000Z,.attentivemobile.com,tpc_c_0Fk,aa2fe44d-2121-446c-a240-a41365ab83bc.1676476488.0Fk.1676477222
5731,6621687434007146,https://www.smartbuyglasses.com,2025-02-14T16:07:02.000Z,.attentivemobile.com,tpc_c_0Ww,cf2cc3f7-ef9a-4671-8b45-a4a28c42a3e5.1676476952.0Ww.1676477222
5739,6621687434007146,https://www.smartbuyglasses.com,2025-02-14T16:07:02.000Z,.attentivemobile.com,tpc_c_Dtj,8a21cf78-3288-4c04-a4aa-8e97ce1d3c1d.1676476421.Dtj.1676477222
5740,6621687434007146,https://www.smartbuyglasses.com,2025-02-14T16:07:02.000Z,.attentivemobile.com,tpc_c_PIA,4310095c-36db-4362-aa43-d4dbc1c33e9a.1676477222.PIA.1676477222
5735,6621687434007146,https://www.smartbuyglasses.com,2025-02-14T16:07:02.000Z,.attentivemobile.com,tpc_c_bc7,8060c281-4a6a-4361-97d4-9e68034f1542.1676476542.bc7.1676477222
5733,6621687434007146,https://www.smartbuyglasses.com,2025-02-14T16:07:02.000Z,.attentivemobile.com,tpc_c_li-,fb8dd2b0-345e-4684-b2e1-b9156988093d.1676476467.li-.1676477222
6544,6878071276957424,https://www.prada.com,2023-08-14T16:09:39.000Z,.demdex.net,demdex,85241990119379604550625797295490450677
6638,6878071276957424,https://www.prada.com,2023-08-14T16:09:45.000Z,.demdex.net,dextp,121998-1-1676477336441|358-1-1676477385589
6661,6878071276957424,https://www.prada.com,2023-08-14T16:09:47.000Z,.dpm.demdex.net,dpm,85241990119379604550625797295490450677
6621,6878071276957424,https://www.prada.com,2023-03-18T16:09:43.000Z,.everesttech.net,ev_sync_dd,20230215
6665,6878071276957424,https://www.prada.com,2023-05-16T16:09:47.000Z,.adnxs.com,uuid2,5818598251824644646
5015,7052328621750859,https://www.afflelou.com,2023-08-14T16:05:05.000Z,www.google.com,_GRECAPTCHA,09AA9PpHKwYtYEEr4llDNTeNmJw00jOFzVsWW7zGQV2oFon8x8obxS0eGyyyC5fwuJA74fvYUZQXnRcLRvJgV2Hzk
5009,7052328621750859,https://www.afflelou.com,2023-02-15T16:34:54.000Z,.vimeo.com,__cf_bm,o0PuTq5qkBuFilBsDHf3hkds9mubPjmRVrpgp4W5f5Q-1676477094-0-AfcfVLKhTSGJTCdLUUMlQph79TxJtPZ9giCrSP4D3MHH0uoZTBVhYE58fCY6NjZpJhtzWPBY6g56pyfTtub8wIk=
5091,7335737295115932,https://www.edel-optics.de,2023-04-16T16:05:21.000Z,.tapad.com,TapAd_3WAY_SYNCS,
5089,7335737295115932,https://www.edel-optics.de,2023-04-16T16:05:21.000Z,.tapad.com,TapAd_DID,80a427bc-53c8-4b2f-9cd1-58bd8ba8cafd
5087,7335737295115932,https://www.edel-optics.de,2023-04-16T16:05:21.000Z,.tapad.com,TapAd_TS,1676476428035
5070,7335737295115932,https://www.edel-optics.de,2024-02-15T21:54:31.000Z,recommender.scarabresearch.com,cdv,46D3390745F57884
5071,7335737295115932,https://www.edel-optics.de,9999-12-31T21:59:59.000Z,recommender.scarabresearch.com,s,7FF8401DAEE55BEE
5085,7335737295115932,https://www.edel-optics.de,2024-03-11T16:05:21.000Z,.snapchat.com,sc_at,v2|H4sIAAAAAAAAAE3GwRGAIAwEwIoyc4F4F+wGlFRB8X7d1z4rqjDTJrgt3to2EJcxS/S20FPHA7dTDMmbn1/xAcfRONVAAAAA
2092,7424225728626381,https://www.sallyhansen.com,2024-02-15T15:56:00.000Z,.casalemedia.com,CMID,Y.0AkEg5tmjcuOMDBSU0gwAA
2094,7424225728626381,https://www.sallyhansen.com,2023-05-16T15:56:00.000Z,.casalemedia.com,CMPRO,1364
2093,7424225728626381,https://www.sallyhansen.com,2023-05-16T15:56:00.000Z,.casalemedia.com,CMPS,1364
2099,7424225728626381,https://www.sallyhansen.com,2023-05-16T15:56:00.000Z,.pubmatic.com,KRTBCOOKIE_218,4056-Y_0AiQAAAJCmwQN2&KRTB&22978-Y_0AiQAAAJCmwQN2&KRTB&23194-Y_0AiQAAAJCmwQN2&KRTB&23209-Y_0AiQAAAJCmwQN2
2100,7424225728626381,https://www.sallyhansen.com,2023-03-17T15:56:00.000Z,.pubmatic.com,PugT,1676476560
2117,7424225728626381,https://www.sallyhansen.com,2024-03-11T15:56:02.000Z,.tiktok.com,_ttp,2LmW6QL8EA3CrD2w3YGVF1yeBEJ
2113,7424225728626381,https://www.sallyhansen.com,2024-02-15T15:56:01.000Z,.agkn.com,ab,0001%3Afe8C%2Fgoafr7wGZhz0X35DoEWBKsegrjy
2110,7424225728626381,https://www.sallyhansen.com,2023-05-16T15:56:01.000Z,.adnxs.com,anj,dTM7k!M4.FErk#WF']wIg2GUeq/Bm0!@wnfH)iR8PMp-v=0C#LcgM]qiJ%Dg6Sd/yhYdKUo0OP[(j#iP(Md+uBZ.Nkx3I%>r!-aJ<wEexQ67Oe!@FKU*B2_k
2107,7424225728626381,https://www.sallyhansen.com,2023-03-15T15:56:00.000Z,.spotxchange.com,audience,3e6c3110-ad49-11ed-9bb8-1e7847eb0103
2098,7424225728626381,https://www.sallyhansen.com,2024-02-15T15:56:00.000Z,.rubiconproject.com,audit,1|YSow18y7p/LJOCYQpBmbDB9c2x3oK1yJUbDxRkbRMWH2ll2c+jjVVQ9UuyPgJ6m2l5Q13XKAnNmM1KxoLazIt8oW2SgbbjsrEOjxxX8e+bPQ8b6xt3fZz99Fuv+1u3xW3tYJpWLcSKl/6K+MJaMXAo76/Gy8ewrDCOeqF/Dn4Co=
2018,7424225728626381,https://www.sallyhansen.com,2023-08-14T15:55:52.000Z,.demdex.net,demdex,25283803613711112934290901084540523756
2060,7424225728626381,https://www.sallyhansen.com,2023-08-14T15:55:57.000Z,.demdex.net,dextp,144230-1-1676476557288
2085,7424225728626381,https://www.sallyhansen.com,2023-08-14T15:55:58.000Z,.dpm.demdex.net,dpm,25283803613711112934290901084540523756
2027,7424225728626381,https://www.sallyhansen.com,2024-02-15T15:55:53.000Z,.everesttech.net,everest_g_v2,g_surferid~Y_0AiQAAAJCmwQN2
2028,7424225728626381,https://www.sallyhansen.com,9999-12-31T21:59:59.000Z,.everesttech.net,everest_session_v2,"""Y@0AiQAAAJCmwgN2"""
2096,7424225728626381,https://www.sallyhansen.com,2024-02-15T15:56:00.000Z,.openx.net,i,db3c7897-5ed6-46dd-b3ef-b3aec18224fc|1676476560
2097,7424225728626381,https://www.sallyhansen.com,2024-02-15T15:56:00.000Z,.rubiconproject.com,khaos,LE5UUX8E-V-JXTD
2114,7424225728626381,https://www.sallyhansen.com,2024-02-15T15:56:01.000Z,.agkn.com,u,C|0AEArf70RK3-9EQAAAAAAAgygAQCADJ4BAIA
2095,7424225728626381,https://www.sallyhansen.com,2023-05-16T15:56:00.000Z,.adnxs.com,uuid2,6327487755338298945
4259,7460464003097136,https://www.fittingbox.com,2023-03-17T16:01:31.000Z,.linkedin.com,AnalyticsSyncHistory,AQJevLmmmocyFwAAAYZVz0JShjvQRdyVM9bdBePaAZOa_6Kmmn3216v1blf7uWuhv8UDZyQ6sBlJveTEbo1s_Q
4258,7460464003097136,https://www.fittingbox.com,2023-03-17T16:01:31.000Z,.linkedin.com,UserMatchHistory,AQI0eBIlCLiDJwAAAYZVz0JS1XkU7iMatKkU7I3IRKExnhAIGeuiF8ZW4ytNm8OQFMVyqeiRmn-kQw
4255,7460464003097136,https://www.fittingbox.com,2023-02-15T16:31:28.000Z,.hubspot.com,__cf_bm,pjEpxQmC783rtDOpcb2Z4fS51Ea5rYC3pWam8tQnxq0-1676476888-0-AWkBI2zIhp4678NHYOFNv07onBtx3tIshvJyQ+gSNVTuP0vwmTh4OBwcIFy4td4vVBDAo07cGDD6Ch6ZcOSzGv8=
4261,7460464003097136,https://www.fittingbox.com,2024-02-15T16:01:31.000Z,.linkedin.com,bcookie,"""v=2&f11f94a7-62f7-480a-84da-7796842c8b96"""
4262,7460464003097136,https://www.fittingbox.com,2024-02-15T16:01:33.000Z,.www.linkedin.com,bscookie,"""v=1&202302151601330ab066b3-4670-420d-8968-f04b338b434aAQGq1-5SNsApFEHUd7t_tWbnSb8IXxRc"""
4257,7460464003097136,https://www.fittingbox.com,2023-05-16T16:01:31.000Z,.linkedin.com,li_sugr,7f184207-c17b-40b4-81b4-c8ca1fbf4ff5
3171,7489683511482495,https://www.coffretdor-makeup.jp,2023-08-14T15:58:03.000Z,.demdex.net,demdex,25283803613711112934290901084540523756
3195,7489683511482495,https://www.coffretdor-makeup.jp,2023-08-14T15:58:06.000Z,.dpm.demdex.net,dpm,25283803613711112934290901084540523756
3181,7489683511482495,https://www.coffretdor-makeup.jp,2023-03-18T15:58:04.000Z,.everesttech.net,ev_sync_dd,20230215
5205,7642926325680234,https://ca.zennioptical.com,9999-12-31T21:59:59.000Z,.nr-data.net,JSESSIONID,9c469a4577b3559d
5184,7642926325680234,https://ca.zennioptical.com,2023-02-16T00:51:37.000Z,.paypal.com,LANG,en_US%3BUS
5304,7642926325680234,https://ca.zennioptical.com,2023-04-16T16:05:53.000Z,.tapad.com,TapAd_3WAY_SYNCS,
5302,7642926325680234,https://ca.zennioptical.com,2023-04-16T16:05:53.000Z,.tapad.com,TapAd_DID,80a427bc-53c8-4b2f-9cd1-58bd8ba8cafd
5300,7642926325680234,https://ca.zennioptical.com,2023-04-16T16:05:53.000Z,.tapad.com,TapAd_TS,1676476428035
5315,7642926325680234,https://ca.zennioptical.com,2024-03-11T16:05:54.000Z,.dnacdn.net,browser_data,lHJ1KV80M0RITmhlJTJCZkMwOUJGQlhaMUN2czdTQjJiTzd3NjhjemdEbThOTkE3Wmp1UDFvMWdkNmtRdkU0U2pqbGIzVnI
5183,7642926325680234,https://ca.zennioptical.com,2024-02-15T16:05:41.000Z,.paypal.com,enforce_policy,ccpa
5242,7642926325680234,https://ca.zennioptical.com,9999-12-31T21:59:59.000Z,www.sandbox.paypal.com,nsid,s%3ADybZFeVk5C83cAUd9fnTq7ZgVYo6QRsA.0Q5kQxTJactWEA2wn%2Be8ynP%2BywINx944KBepqWVJO70
5324,7642926325680234,https://ca.zennioptical.com,2024-03-11T16:05:56.000Z,.snapchat.com,sc_at,v2|H4sIAAAAAAAAAE3GwRGAIAwEwIoyc9HjEu0GlFRB8XzZ136DVehpHZrGv6Y9YDNlhfwauDOWE68rxAhvWkexASFabLNAAAAA
5187,7642926325680234,https://ca.zennioptical.com,2026-02-14T16:05:41.000Z,.paypal.com,ts,vreXpYrS%3D1771171541%26vteXpYrS%3D1676478941%26vr%3D55d3125a1860a6020602a977f0bccc48%26vt%3D55d3125a1860a6020602a977f0bccc47%26vtyp%3Dnew
5188,7642926325680234,https://ca.zennioptical.com,2026-02-14T16:05:41.000Z,.paypal.com,ts_c,vr%3D55d3125a1860a6020602a977f0bccc48%26vt%3D55d3125a1860a6020602a977f0bccc47
5185,7642926325680234,https://ca.zennioptical.com,2023-02-18T16:05:40.000Z,.paypal.com,tsrce,loggernodeweb
5297,7642926325680234,https://ca.zennioptical.com,2024-03-11T16:05:52.000Z,.criteo.com,uid,8a469fa6-1790-43ed-aa7b-49bdb61c4b4a
5134,7642926325680234,https://ca.zennioptical.com,9999-12-31T21:59:59.000Z,.paypal.com,x-cdn,fastly:YUL
5186,7642926325680234,https://ca.zennioptical.com,9999-12-31T21:59:59.000Z,.paypal.com,x-pp-s,eyJ0IjoiMTY3NjQ3NzE0MTYxMyIsImwiOiIwIiwibSI6IjAifQ
2853,7968367697712575,https://www.maccosmetics.ca,2023-02-15T15:57:35.000Z,lptag.liveperson.net,ADRUM_BT1,R:28|i:1758155
2849,7968367697712575,https://www.maccosmetics.ca,2023-02-15T15:57:35.000Z,lptag.liveperson.net,ADRUM_BTa,R:28|g:99ebe698-565d-49bd-84a5-f0cc064ab461
2852,7968367697712575,https://www.maccosmetics.ca,2023-02-15T15:57:35.000Z,lptag.liveperson.net,SameSite,None
4756,8255906627572869,https://www.transitions.com,2024-02-15T22:03:00.000Z,.yahoo.com,A3,d=AQABBGL_7GMCEKEhz_xqmb59luBpnS_lHJYFEgEBAQFQ7mP2YwAAAAAA_eMAAA&S=AQAAAvjD8UGudQnXEdDMVuBd04w
4788,8255906627572869,https://www.transitions.com,2024-02-15T16:03:06.000Z,.casalemedia.com,CMID,Y.z-ZaXw4kn66UyU32luQwAA
4790,8255906627572869,https://www.transitions.com,2023-05-16T16:03:06.000Z,.casalemedia.com,CMPRO,512
4757,8255906627572869,https://www.transitions.com,2024-03-14T16:03:00.000Z,.dotomi.com,DotomiUser,140806916994729858$0$1999607840$$1
4688,8255906627572869,https://www.transitions.com,2033-02-12T16:02:52.000Z,futemarketing.ca,OF,fp_63ed022c846cf
4689,8255906627572869,https://www.transitions.com,2023-03-10T19:36:12.000Z,.futemarketing.ca,SSESSc0dca06dffb57bda899ec57e7899319c,tlRyU8zajR2_KD72oz2MM9SXOA61NuU_QsE7xPADxa8
4775,8255906627572869,https://www.transitions.com,2023-05-16T16:03:06.000Z,.adnxs.com,anj,dTM7k!M4/AfQBY/ghqdmU(7TJmwoqb#?nGNJmLEME$:C@O4W`i=1a@+[CSDQ31<+U5dzx6/YK5wb_R!<n9F%btD^F.]R[]_Yq?kC_C=KM?OYvPQi2x+'*qtzlxcs1=Q0BGwHLBJh%gfN4:[zB7lLnh#r6>4!YIaF>r%v#)!fD)3O9HH^Z:up5di3M4Yk4WkIpGjcd#A^e+.<Q!9kM>!ww@%
4802,8255906627572869,https://www.transitions.com,2023-03-15T16:03:06.000Z,.spotxchange.com,audience,8ab5cda6-ad48-11ed-85f0-1b7403f70503
4762,8255906627572869,https://www.transitions.com,2023-04-16T16:03:03.000Z,.ipredictive.com,ci_rtc,_uts=1676476982
4750,8255906627572869,https://www.transitions.com,2024-02-15T16:02:59.000Z,.ipredictive.com,cu,c1de6df7-eeca-45e7-b6b9-bef6a5854d58|1676476978061
4786,8255906627572869,https://www.transitions.com,2024-02-14T16:03:06.000Z,.media.net,data-rk,978758885174556796~~3
4734,8255906627572869,https://www.transitions.com,2023-08-14T16:02:56.000Z,.demdex.net,demdex,85241990119379604550625797295490450677
4779,8255906627572869,https://www.transitions.com,2023-08-14T16:03:06.000Z,.dpm.demdex.net,dpm,85241990119379604550625797295490450677
4764,8255906627572869,https://www.transitions.com,2024-03-11T16:03:02.000Z,.rfihub.com,eud,H4sIAAAAAAAA_5vFyGtoZm5mYm5maWFkbmC-C41_Co3_Co3_C40_iQmVPwuNvwiNvwqNvwmNvwtdPQsq_xYafxMrmn5uNPuFUfmP0PgAFc33aRABAAA
4732,8255906627572869,https://www.transitions.com,2023-08-14T16:02:56.000Z,.px.demdex.net,px,85241990119379604550625797295490450677
4796,8255906627572869,https://www.transitions.com,2023-04-16T16:03:06.000Z,.rlcdn.com,pxrc,CPOCtJ8GEgUI6AcQABIFCOhHEAA=
4794,8255906627572869,https://www.transitions.com,2024-02-15T16:03:06.000Z,.rlcdn.com,rlas3,M9lem2IUpllLtr/KQQVU4NDT8DTt2N9wwPwVRM3o7HI=
4765,8255906627572869,https://www.transitions.com,2024-03-11T16:03:02.000Z,.rfihub.com,rud,H4sIAAAAAAAA_-MSsjS3MDe1sLAwNTQ3MTU1M7c0E-Iz1I3yNolKd3Hz8AnWTQQATdG-byQAAAA
4763,8255906627572869,https://www.transitions.com,9999-12-31T21:59:59.000Z,.rfihub.com,ruds,H4sIAAAAAAAA_-MSsjS3MDe1sLAwNTQ3MTU1M7c0E-Iz1I3yNolKd3Hz8AnWTQQATdG-byQAAAA
4792,8255906627572869,https://www.transitions.com,2024-03-11T16:03:06.000Z,live.rezync.com,sd-session-id,.eJwVjMsOwiAQAP9lz8VkKfuAn2lK2QPRoin1YuO_i7eZZDIXLC879rVZOyGdx9sm2B51WId0Qa-f3e6QIIoKqSqhBCKWyPCdoFvv9dmWWv4J6oqWySmV2YXszeVYgptXb7SxR0NKyMJBOCrfBjHK-PwAnmQlpA.Y-0COg.VDazd0MP1RdtkFRy65T2KDsPKhE
4754,8255906627572869,https://www.transitions.com,2023-05-16T16:03:00.000Z,.3lift.com,tluid,859580327400314535780
4777,8255906627572869,https://www.transitions.com,2023-05-16T16:03:06.000Z,.adnxs.com,uuid2,5818598251824644646
4791,8255906627572869,https://www.transitions.com,2024-03-11T16:03:06.000Z,.rezync.com,zync-uuid,918a1eb5-85d3-4b2e-b9d4-3a2e5c621e15:1676476986.6766176
6280,8268187446636683,https://www.oliverpeoples.com,2024-02-15T16:08:35.000Z,.tealiumiq.com,TAPID,luxottica/oliverpeoples>018655d5a4960077d403b8add93805046002400900bd0|luxottica/oakley>018655d400c0001269274c10bd3305046001c00900bd0|
6175,8268187446636683,https://www.oliverpeoples.com,2023-08-14T16:08:30.000Z,.demdex.net,demdex,25283803613711112934290901084540523756
6228,8268187446636683,https://www.oliverpeoples.com,2023-08-14T16:08:33.000Z,.dpm.demdex.net,dpm,25283803613711112934290901084540523756
6347,8268187446636683,https://www.oliverpeoples.com,9999-12-31T21:59:59.000Z,.dynatrace.com,dtCookie,v_4_srv_14_sn_506A243CCFE067D1EBC5498A04E245C6_perc_100000_ol_0_mul_1_app-3Aea7c4b59f27d43eb_1
6195,8268187446636683,https://www.oliverpeoples.com,2023-03-18T16:08:32.000Z,.everesttech.net,ev_sync_dd,20230215
5472,8323935637512737,https://www.eyeglassworld.com,2024-03-16T16:06:16.000Z,.d.adroll.com,__adroll,dd16ca757cd7c326744fa577d3a925fb-a_1676476780
5474,8323935637512737,https://www.eyeglassworld.com,2024-03-16T16:06:16.000Z,.adroll.com,__adroll_shared,dd16ca757cd7c326744fa577d3a925fb-a_1676476780
5441,8323935637512737,https://www.eyeglassworld.com,2024-02-15T16:06:14.000Z,gryvhjwu.micpn.com,_mibhv,anon-1676477173983-1157350305_7781
1005,8334279981573107,https://www.lancome.ca,2023-02-15T16:52:31.000Z,.igodigital.com,igodigitalst_7206982,c1595636-ad48-11ed-81b5-aefadbb2a1ea
1007,8334279981573107,https://www.lancome.ca,2023-02-15T16:52:31.000Z,.igodigital.com,igodigitalstdomain,16494
1004,8334279981573107,https://www.lancome.ca,2033-02-15T15:52:31.000Z,.igodigital.com,igodigitaltc2,9e7a1fc4-ad48-11ed-ba25-52e93796067a
998,8334279981573107,https://www.lancome.ca,2024-03-16T15:52:30.000Z,.cquotient.com,uuid,abGol6G0EAGzmB8fw0bz4Y0VMc
3959,8897103732718509,https://www.madison-reed.com,2024-02-15T15:59:51.000Z,.adsrvr.org,TDCPM,CAESFwoIYXBwbmV4dXMSCwi4lpizlau8OxAFEhYKB3J1Ymljb24SCwi6po_D0N3HOxAFEhUKBmdvb2dsZRILCL7x6uTQ3cc7EAUSGQoKcmlnaHRtZWRpYRILCISw8OPQ3cc7EAUSFQoGY2FzYWxlEgsIvvHq5NDdxzsQBRIYCgliaWRzd2l0Y2gSCwj2jLr75d3HOxAFEhcKCHB1Ym1hdGljEgsI9oy6--XdxzsQBRgFKAMyCwj07eTvjN7HOxAFQg8iDQgBEgkKBXRpZXIzEAFaB2oyNWx3am5gAQ..
3957,8897103732718509,https://www.madison-reed.com,2024-02-15T15:59:51.000Z,.adsrvr.org,TDID,2570abf7-6a0c-495b-9f51-b1203191e134
3882,8897103732718509,https://www.madison-reed.com,2023-04-16T15:59:44.000Z,.tapad.com,TapAd_3WAY_SYNCS,
3880,8897103732718509,https://www.madison-reed.com,2023-04-16T15:59:44.000Z,.tapad.com,TapAd_DID,80a427bc-53c8-4b2f-9cd1-58bd8ba8cafd
3878,8897103732718509,https://www.madison-reed.com,2023-04-16T15:59:44.000Z,.tapad.com,TapAd_TS,1676476428035
3849,8897103732718509,https://www.madison-reed.com,2024-03-16T15:59:42.000Z,.d.adroll.com,__adroll,dd16ca757cd7c326744fa577d3a925fb-a_1676476780
3850,8897103732718509,https://www.madison-reed.com,2024-03-16T15:59:42.000Z,.adroll.com,__adroll_shared,dd16ca757cd7c326744fa577d3a925fb-a_1676476780
3989,8897103732718509,https://www.madison-reed.com,2023-08-14T15:59:53.000Z,.krxd.net,_kuid_,PYZwtj-P
3709,8897103732718509,https://www.madison-reed.com,2024-03-11T15:59:23.000Z,.tiktok.com,_ttp,2LmVYDKXPyHhLyo7JJoJpjAXP8J
3697,8897103732718509,https://www.madison-reed.com,2024-02-15T15:59:21.000Z,.trkn.us,barometric[cuid],cuid_02977e58-694e-46ba-8daa-44efd78d5ab5
3979,8897103732718509,https://www.madison-reed.com,2023-08-15T15:59:53.000Z,.bluekai.com,bku,b/X99sedfsBWIwWk
3977,8897103732718509,https://www.madison-reed.com,2023-08-14T15:59:53.000Z,.demdex.net,demdex,85241990119379604550625797295490450677
3975,8897103732718509,https://www.madison-reed.com,2023-08-14T15:59:53.000Z,.dpm.demdex.net,dpm,85241990119379604550625797295490450677
3939,8897103732718509,https://www.madison-reed.com,2024-02-15T15:59:50.000Z,.linksynergy.com,icts,2023-02-15T15:51:34Z
3759,8897103732718509,https://www.madison-reed.com,2024-02-15T15:59:29.000Z,.kargo.com,ktcid,4e918856-b9d2-0760-71c3-8061306dd586
3851,8897103732718509,https://www.madison-reed.com,2025-02-14T15:59:42.000Z,.liadm.com,lidid,5eb92d1b-3804-4d78-9c3a-540ac2655be2
3927,8897103732718509,https://www.madison-reed.com,2023-04-16T15:59:48.000Z,.pippio.com,pxrc,CAA=
3908,8897103732718509,https://www.madison-reed.com,2023-04-16T15:59:47.000Z,.rlcdn.com,pxrc,CAA=
3907,8897103732718509,https://www.madison-reed.com,2024-02-15T15:59:47.000Z,.rlcdn.com,rlas3,tOh8AFFm4Kluq1dQz4XWPdDT8DTt2N9wwPwVRM3o7HI=
3937,8897103732718509,https://www.madison-reed.com,2024-02-15T15:59:50.000Z,.linksynergy.com,rmuid,ef00020a-20e1-469b-bc4d-068d851d3d1e
3848,8897103732718509,https://www.madison-reed.com,2024-03-11T15:59:40.000Z,.snapchat.com,sc_at,v2|H4sIAAAAAAAAAE3GwRGAIAwEwIoyc9F4F+wGlFRB8XzZ134jqtDTOjgt/prWEI8xS/Rr4E4tD7xOMUSpraPYUlQAfEAAAAA=
5226,8966974372794439,https://sunski.com,9999-12-31T21:59:59.000Z,id-shop.govx.com,ApplicationGatewayAffinity,623354677ca232ceb8ebad699cba7dfc
5225,8966974372794439,https://sunski.com,9999-12-31T21:59:59.000Z,id-shop.govx.com,ApplicationGatewayAffinityCORS,623354677ca232ceb8ebad699cba7dfc
5151,8966974372794439,https://sunski.com,9999-12-31T21:59:59.000Z,shop.app,_pay_session,3jJ8vgzFd0vROpRt1M3KUjpotLFiPZvSwG31jIFWiaXsX4nfX3ZRbGxCqeMfTpGY6C%2BBvM%2BKaErd%2BpnZHpWMieYvKfC%2FJw4stverNUcffWjDPwu4wwCehdOcRWJigAMlETMNHPpIAADSpwWoWiMdalskEFr04QoYoKUtmR0wnb4sQ3wZz4cpDH8BLpUG6zLy569D9w%3D%3D--UJ4wwnRBqE%2F6g%2BB%2F--GF94esGXwdesAUXtnAHlTw%3D%3D
5140,8966974372794439,https://sunski.com,2025-02-14T16:05:37.000Z,.liadm.com,lidid,809916c4-e3b7-4e3b-a628-ba8a6b3ca59c
